"TIME (Europe/Istanbul)","binance","binance","bittrex","bittrex","bitfinex","bitfinex"
"2023-06-19 08:34:00",57.05490000000001,-5.0102,0,0,0,0
"2023-06-19 08:35:00",1.8816000000000002,-3.1257,0,0,0,-0.1547
"2023-06-19 08:36:00",2.8945000000000003,-23.331000000000003,0,0,0.0319093,-0.00350374
"2023-06-19 08:37:00",12.305299999999999,-6.6744,0,0,0,0
"2023-06-19 08:38:00",5.392300000000003,-14.1195,0,0,0.15,0
"2023-06-19 08:39:00",5.371099999999998,-2.8673,0,0,0,-0.049999999999999996
"2023-06-19 08:40:00",5.526000000000001,-15.095399999999996,0,0,0,-0.0234101
"2023-06-19 08:41:00",7.2374,-41.578299999999984,0,0,0.00324181,0
"2023-06-19 08:42:00",17.0955,-8.751500000000002,0,0,0,0
"2023-06-19 08:43:00",29.6874,-5.8877,0,0,0,0
"2023-06-19 08:44:00",11.606399999999997,-25.922600000000006,0,0,0.05540428,-0.2020396
"2023-06-19 08:45:00",3.6513000000000013,-5.5385,0,0,0.002,-0.0102
"2023-06-19 08:46:00",6.663800000000002,-6.6995000000000005,0.19999998,0,0,0
"2023-06-19 08:47:00",37.9503,-18.997099999999993,0,0,0.00648356,0
"2023-06-19 08:48:00",5.2678,-22.242700000000003,0,0,0,0
"2023-06-19 08:49:00",4.139100000000001,-9.474600000000004,0,0,0,0
"2023-06-19 08:50:00",8.731499999999997,-22.982799999999997,0,0,0.04937732,-0.002
"2023-06-19 08:51:00",58.8674,-16.123499999999996,0,0,2.8125499299999994,0
"2023-06-19 08:52:00",76.06529999999997,-17.570000000000004,0,0,0.33594860000000004,0
"2023-06-19 08:53:00",66.86520000000006,-8.339200000000002,0,0,0.21400000000000002,0
"2023-06-19 08:54:00",25.576499999999996,-4.085300000000001,0.02072482,0,0.05,0
"2023-06-19 08:55:00",13.8712,-32.41880000000001,0,0,0,-0.01662998
"2023-06-19 08:56:00",23.694900000000008,-14.7056,0,0,0.05,0
"2023-06-19 08:57:00",11.744600000000004,-0.6607000000000001,0,0,0.05,0
"2023-06-19 08:58:00",62.296600000000026,-89.64980000000001,0,0,1.17221529,-1.7712999999999999
"2023-06-19 08:59:00",4.2879000000000005,-9.6059,0,0,0,0
"2023-06-19 09:00:00",11.5438,-15.653399999999998,0,0,0,0
"2023-06-19 09:01:00",16.371399999999994,-8.189699999999998,0,0,0,0
"2023-06-19 09:02:00",16.9289,-2.870399999999999,0,0,1,0
"2023-06-19 09:03:00",20.860200000000003,-19.211899999999986,0,0,0,0
"2023-06-19 09:04:00",9.784,-12.743199999999998,0,0,0.05,0
"2023-06-19 09:05:00",95.93009999999997,-2.0767,0,0,0.05,0
"2023-06-19 09:06:00",2.5530000000000004,-112.9015,0,0,0,0
"2023-06-19 09:07:00",10.042799999999998,-23.498800000000003,0,0,0,-0.002
"2023-06-19 09:08:00",4.121800000000001,-28.312400000000007,0.18033742,0,0,-0.10557729
"2023-06-19 09:09:00",82.79629999999996,-27.755599999999994,0,0,0,0
"2023-06-19 09:10:00",58.713799999999985,-2.9831999999999996,0,0,0,0
"2023-06-19 09:11:00",7.915200000000001,-7.690899999999999,0,0,0.049999999999999996,0
"2023-06-19 09:12:00",6.0567,-46.950199999999995,0,0,0,0
"2023-06-19 09:13:00",54.709900000000005,-1.7018999999999997,0,0,0,0
"2023-06-19 09:14:00",43.95740000000001,-22.395500000000002,0,0,0,0
"2023-06-19 09:15:00",7.4814,-8.7616,0,0,0,-0.04207117
"2023-06-19 09:16:00",13.862599999999999,-9.546400000000004,0,0,0,-0.011
"2023-06-19 09:17:00",13.564099999999994,-34.069600000000015,0,0,0.060996,0
"2023-06-19 09:18:00",5.535799999999998,-19.584899999999998,0,0,0,0
"2023-06-19 09:19:00",4.1522,-5.349899999999999,0,0,0.03239328,0
"2023-06-19 09:20:00",5.568299999999999,-13.309400000000004,0,0,0,0
"2023-06-19 09:21:00",6.3207999999999975,-2.1449000000000007,0,0,0,0
"2023-06-19 09:22:00",6.208700000000001,-18.410899999999998,0,0,0.22331499999999999,0
"2023-06-19 09:23:00",6.078700000000001,-60.4887,0,0,0,0
"2023-06-19 09:24:00",15.144799999999998,-3.904899999999999,0,0,0,0
"2023-06-19 09:25:00",56.63469999999998,-9.271399999999998,0,0,0.15390226,0
"2023-06-19 09:26:00",54.622700000000016,-2.5408999999999993,0,0,0,-0.00324189
"2023-06-19 09:27:00",3.9213999999999998,-14.333099999999998,0.0730415,0,0,0
"2023-06-19 09:28:00",15.871699999999999,-5.4025,0,0,2.7,0
"2023-06-19 09:29:00",8.3162,-64.05480000000001,0,0,0.00356243,0
"2023-06-19 09:30:00",6.221100000000001,-17.031000000000002,0,0,0.231655,0
"2023-06-19 09:31:00",7.043899999999996,-2.7559000000000005,0,0,0.03801215,0
"2023-06-19 09:32:00",3.6464000000000008,-52.2452,0,0,0.00356529,0
"2023-06-19 09:33:00",6.6947,-2.2831999999999995,0,0,0,-0.002
"2023-06-19 09:34:00",6.376900000000001,-5.475699999999999,0,0,0.00443566,-0.002
"2023-06-19 09:35:00",1.8273,-16.588100000000004,0,-0.00027785,0,-0.004
"2023-06-19 09:36:00",5.331299999999996,-20.302799999999998,0,0,1.728598,0
"2023-06-19 09:37:00",5.529800000000001,-3.4017,0,0,0,-0.020999999999999998
"2023-06-19 09:38:00",4.727099999999999,-29.805100000000007,0,0,0,-0.02
"2023-06-19 09:39:00",29.6898,-11.5161,0,0,0,0
"2023-06-19 09:40:00",6.558500000000002,-17.098599999999994,0,0,0.00316842,0
"2023-06-19 09:41:00",11.173200000000001,-30.7292,0,0,0.03077314,0
"2023-06-19 09:42:00",5.724400000000001,-18.343399999999995,0,0,0.019094,-0.056
"2023-06-19 09:43:00",46.483799999999995,-279.5202000000001,0,-0.04754587,0.00633788,-0.9353
"2023-06-19 09:44:00",4.791799999999999,-37.21790000000002,0,0,0,0
"2023-06-19 09:45:00",120.1961,-46.38539999999999,0,0,0.38591927000000004,-0.21300000000000002
"2023-06-19 09:46:00",14.701200000000002,-25.5463,0,0,0.026109809999999997,-0.0105
"2023-06-19 09:47:00",8.361700000000003,-3.0067999999999997,0,0,0,-0.002
"2023-06-19 09:48:00",11.4794,-25.191200000000006,0,0,0,0
"2023-06-19 09:49:00",7.6061000000000005,-16.954500000000003,0,0,0,0
"2023-06-19 09:50:00",17.4671,-7.1202000000000005,0,0,0.00955834,-0.0033805
"2023-06-19 09:51:00",35.04319999999999,-19.149599999999996,0,0,0.31032061,0
"2023-06-19 09:52:00",42.186400000000006,-52.56080000000001,0,0,0.06810033,0
"2023-06-19 09:53:00",23.772000000000002,-9.248699999999998,0,0,0.0395673,0
"2023-06-19 09:54:00",43.5111,-17.77539999999999,0,0,0,-0.00220247
"2023-06-19 09:55:00",9.883899999999995,-14.993999999999998,0,0,0.21465847,0
"2023-06-19 09:56:00",9.137999999999996,-13.211500000000004,0,0,0.108075,0
"2023-06-19 09:57:00",18.779199999999996,-3.5389999999999997,0,0,0,0
"2023-06-19 09:58:00",20.7747,-6.351399999999999,0,0,0,-0.01937329
"2023-06-19 09:59:00",8.455800000000002,-47.11129999999999,0,0,0,0
"2023-06-19 10:00:00",14.163399999999998,-2.0346,0,0,0,-0.002
"2023-06-19 10:01:00",22.12800000000001,-24.5697,0,0,0,0
"2023-06-19 10:02:00",50.28979999999999,-18.41049999999998,0,0,0.002,-0.10800000000000001
"2023-06-19 10:03:00",13.568999999999999,-19.728000000000005,0,0,0.0135927,-0.13756100000000002
"2023-06-19 10:04:00",12.702099999999998,-15.4923,0,0,0,-0.01416574
"2023-06-19 10:05:00",20.478600000000007,-28.584600000000002,0,-0.00531014,0,0
"2023-06-19 10:06:00",16.086699999999997,-35.85920000000001,0,0,0.002,0
"2023-06-19 10:07:00",4.746499999999998,-3.0933,0,0,0.11898312,0
"2023-06-19 10:08:00",4.124200000000001,-8.127400000000002,0,0,3.5362459999999993,0
"2023-06-19 10:09:00",13.144199999999996,-18.3795,0,0,0,-0.40248350000000005
"2023-06-19 10:10:00",8.179100000000002,-11.4041,0,0,0.02368966,-0.002
"2023-06-19 10:11:00",33.46370000000002,-5.846299999999999,0,0,0,0
"2023-06-19 10:12:00",37.20589999999999,-63.87180000000001,0,0,0.05,-3.046
"2023-06-19 10:13:00",12.603100000000001,-12.860999999999999,0,0,0,0
"2023-06-19 10:14:00",10.184999999999999,-5.9115,0,0,0.0077058100000000004,-1.087381
"2023-06-19 10:15:00",5.524100000000001,-3.617300000000001,0,0,0.00355452,0
"2023-06-19 10:16:00",44.8637,-83.23689999999996,0,0,0.09286941,-0.21508000000000002
"2023-06-19 10:17:00",29.45310000000001,-6.7581000000000016,0,0,0,0
"2023-06-19 10:18:00",7.518,-14.996500000000001,0,0,0,0
"2023-06-19 10:19:00",9.4065,-32.117900000000006,0,0,0.03169458,0
"2023-06-19 10:20:00",11.1192,-6.077399999999995,0,0,0,0
"2023-06-19 10:21:00",7.380399999999999,-56.59170000000002,0,0,0,0
"2023-06-19 10:22:00",112.15050000000002,-106.7126,0,0,0,0
"2023-06-19 10:23:00",4.4289000000000005,-59.83170000000001,0,0,0.00585493,0
"2023-06-19 10:24:00",57.97579999999999,-33.128800000000005,0,0,0,-0.1
"2023-06-19 10:25:00",1.5342000000000005,-19.854,0,0,0,0
"2023-06-19 10:26:00",26.332699999999985,-33.45680000000001,0,0,0,0
"2023-06-19 10:27:00",22.545300000000005,-9.3945,0,0,0.0995,0
"2023-06-19 10:28:00",104.09010000000002,-0.7948999999999999,0,0,0.126808,-0.16999999999999998
"2023-06-19 10:29:00",17.0947,-5.1666,0,0,2.054779,0
"2023-06-19 10:30:00",158.49679999999995,-5.9671,0,0,0.15986343,-0.03143
"2023-06-19 10:31:00",3.3683,-61.931,0,0,0,0
"2023-06-19 10:32:00",3.596800000000001,-6.824400000000001,0,-0.008,0.01110432,-0.036
"2023-06-19 10:33:00",203.30069999999998,-150.80670000000018,0,0,0.035602,-0.44673973000000006
"2023-06-19 10:34:00",18.934800000000003,-11.973399999999998,0,0,0.16219571000000002,0
"2023-06-19 10:35:00",129.86400000000003,-20.379499999999997,0,0,6.045593259999998,0
"2023-06-19 10:36:00",5.789700000000001,-11.702699999999998,0,0,0,-0.01062935
"2023-06-19 10:37:00",4.616699999999999,-68.43299999999998,0,0,0,0
"2023-06-19 10:38:00",12.791699999999999,-9.433399999999995,0,0,0.25634802,0
"2023-06-19 10:39:00",6.062599999999999,-21.7898,0,0,0.002,-0.013031069999999999
"2023-06-19 10:40:00",17.9963,-5.965800000000001,0,0,0,-0.00281874
"2023-06-19 10:41:00",52.04100000000002,-7.383699999999999,0,0,4.33627286,-0.004
"2023-06-19 10:42:00",102.5336,-60.5251,0,0,0.55767759,0
"2023-06-19 10:43:00",8.273800000000001,-21.3972,0,0,0.05723653,0
"2023-06-19 10:44:00",15.4301,-17.1378,0,0,0,0
"2023-06-19 10:45:00",11.808399999999999,-125.0012,0,0,0.05,-0.22984535
"2023-06-19 10:46:00",16.292200000000005,-14.668999999999999,0,0,0,0
"2023-06-19 10:47:00",25.007800000000003,-11.3283,0,0,0,-0.2
"2023-06-19 10:48:00",17.723799999999997,-6.408700000000002,0,0,0.19780999999999999,0
"2023-06-19 10:49:00",4.890899999999999,-2.2193999999999994,0,0,0,0
"2023-06-19 10:50:00",13.100300000000002,-52.417199999999994,0,0,0.08670002,-0.01326581
"2023-06-19 10:51:00",5.2663,-4.6057,0,0,0.00553373,0
"2023-06-19 10:52:00",6.510699999999999,-7.8095,0,0,0.03438605,-0.002
"2023-06-19 10:53:00",9.8657,-30.988599999999998,0,0,0,0
"2023-06-19 10:54:00",24.7142,-12.894800000000002,0,0,0.00316844,0
"2023-06-19 10:55:00",3.5932000000000004,-107.93620000000008,0,0,197.10776612999993,-3.1731338399999993
"2023-06-19 10:56:00",19.095399999999994,-17.0108,0,0,0.00317044,0
"2023-06-19 10:57:00",5.011499999999999,-12.633600000000007,0,0,0.0044391,-4.296055339999999
"2023-06-19 10:58:00",3.8463000000000007,-3.7944000000000004,0,0,0.03942516,-0.1066
"2023-06-19 10:59:00",2.3869,-10.6711,0,0,0,0
"2023-06-19 11:00:00",18.9339,-4.1852,0,0,0,-0.0298
"2023-06-19 11:01:00",25.537800000000008,-25.091899999999995,0,0,0.029469,-0.262
"2023-06-19 11:02:00",171.44270000000003,-57.90769999999997,0,0,0.00458275,0
"2023-06-19 11:03:00",16.3897,-11.649500000000003,0,-0.62589627,0.51542585,-0.016
"2023-06-19 11:04:00",37.15509999999999,-353.7877999999986,0,0,0,0
"2023-06-19 11:05:00",34.96330000000001,-68.34620000000001,0,-0.00017849,0.002,0
"2023-06-19 11:06:00",51.00099999999998,-52.683599999999984,0.03412475,0,0,0
"2023-06-19 11:07:00",4.7741,-24.291099999999997,0,0,0.002,-1
"2023-06-19 11:08:00",3.0245999999999995,-8.1999,0,0,0.01280811,0
"2023-06-19 11:09:00",26.435799999999997,-56.224999999999994,0.02498332,0,200.00588083,-3.695287159999999
"2023-06-19 11:10:00",76.5444,-54.46610000000001,0,0,70,-0.50327263
"2023-06-19 11:11:00",8.1301,-26.593399999999995,0,0,100.51330730000002,-0.68156629
"2023-06-19 11:12:00",45.237,-17.519399999999994,0,0,0,0
"2023-06-19 11:13:00",21.75819999999999,-6.521400000000001,0,0,0,0
"2023-06-19 11:14:00",5.586099999999999,-3.187699999999998,0,0,0,0
"2023-06-19 11:15:00",6.389600000000001,-25.551399999999997,0,0,0,0
"2023-06-19 11:16:00",12.226899999999995,-6.179500000000001,0,0,0,-0.002
"2023-06-19 11:17:00",11.6489,-3.296099999999999,0,0,0.01917,-0.00784427
"2023-06-19 11:18:00",9.6721,-7.435699999999999,0,0,0,0
"2023-06-19 11:19:00",48.1634,-9.907999999999996,0,0,0.02,0
"2023-06-19 11:20:00",35.155799999999985,-18.3312,0,0,0,-0.02311012
"2023-06-19 11:21:00",31.503100000000007,-1.5854000000000004,0,0,44.82853918000001,-6.181460819999999
"2023-06-19 11:22:00",8.1555,-11.2987,0.00244741,0,35.767097719999995,-14.261239999999999
"2023-06-19 11:23:00",20.437300000000004,-87.22089999999999,0.6000000000000001,0,0.03172026,0
"2023-06-19 11:24:00",6.805099999999999,-8.685500000000001,0,0,0.02367324,-0.0042330300000000005
"2023-06-19 11:25:00",29.360200000000006,-6.540799999999999,0,0,0,0
"2023-06-19 11:26:00",7.8153999999999995,-14.158300000000002,0,0,0.04,-0.01
"2023-06-19 11:27:00",9.388499999999997,-19.161799999999996,0.24444842,0,1.01397931,-0.04334743
"2023-06-19 11:28:00",3.224200000000001,-25.205199999999994,0,0,0.01721611,0
"2023-06-19 11:29:00",1.4467,-8.798599999999999,0.24441017999999998,0,0.19965178,0
"2023-06-19 11:30:00",6.639500000000001,-7.1093,0,0,0,0
"2023-06-19 11:31:00",15.084199999999996,-23.928699999999996,0,0,0.26935791,-0.004
"2023-06-19 11:32:00",4.785599999999998,-2.3644999999999996,0,0,0,0
"2023-06-19 11:33:00",17.25889999999999,-8.082600000000001,0,0,0,0
"2023-06-19 11:34:00",67.75129999999999,-79.00589999999998,0.012,-0.0119,0,-0.2528327
"2023-06-19 11:35:00",15.265999999999998,-51.9358,0,-0.00016869,0.00928832,0
"2023-06-19 11:36:00",7.146299999999997,-4.792599999999999,0,0,0,0
"2023-06-19 11:37:00",11.061900000000003,-35.30459999999999,6.58423084,0,0,0
"2023-06-19 11:38:00",22.2231,-343.44280000000003,0,0,0.00580134,-10.54429078
"2023-06-19 11:39:00",92.71020000000003,-258.9935,0.13964614,-0.00290392,9.327104310000003,-5.193113309999998
"2023-06-19 11:40:00",38.905999999999985,-101.55819999999999,0,0,0,-0.65422169
"2023-06-19 11:41:00",81.56670000000004,-70.49489999999996,0,0,4.421878779999999,-1.65780356
"2023-06-19 11:42:00",39.86689999999998,-87.17390000000005,0.46324042,0,16.04461655,-0.17573524000000001
"2023-06-19 11:43:00",5.8777,-56.23979999999997,0,0,0,-0.0225973
"2023-06-19 11:44:00",10.0092,-16.928699999999992,0,0,0.6493352800000001,0
"2023-06-19 11:45:00",41.00280000000002,-43.98599999999999,0,0,100.00351087999998,-2.925
"2023-06-19 11:46:00",4.957300000000002,-29.015700000000006,0,0,24.902602149999996,-0.037
"2023-06-19 11:47:00",38.41900000000002,-251.9289,0,0,0,-11.53698549
"2023-06-19 11:48:00",16.601200000000006,-30.136300000000013,0,0,0,0
"2023-06-19 11:49:00",37.042300000000004,-97.72300000000004,0,0,0.28873524,-0.012
"2023-06-19 11:50:00",3.6788000000000003,-5.1774000000000004,0,0,0,-0.004
"2023-06-19 11:51:00",42.26759999999998,-3.9649,0,0,0,0
"2023-06-19 11:52:00",15.752099999999999,-107.25290000000003,0,0,0,-0.052000000000000005
"2023-06-19 11:53:00",8.428099999999995,-19.534399999999987,0,0,0.01587355,0
"2023-06-19 11:54:00",8.331,-7.030599999999999,0,0,0.13045933,-0.052000000000000005
"2023-06-19 11:55:00",3.1827999999999994,-25.4379,0,0,0,-0.00330335
"2023-06-19 11:56:00",50.60820000000003,-3.0601000000000007,0,0,0,-0.43679913
"2023-06-19 11:57:00",5.888299999999999,-3.8208,0,0,0,0
"2023-06-19 11:58:00",19.029300000000006,-34.50130000000001,0,0,0,0
"2023-06-19 11:59:00",18.610000000000003,-9.698900000000002,0,0,0,-0.00442902
"2023-06-19 12:00:00",8.600999999999999,-8.8736,0,0,0.00406338,-0.03321
"2023-06-19 12:01:00",157.9298,-5.861000000000001,0,0,0.2295315,0
"2023-06-19 12:02:00",14.246199999999998,-35.26449999999999,0,0,0.032568,-0.03546353
"2023-06-19 12:03:00",55.401800000000016,-9.157700000000002,0,0,0,0
"2023-06-19 12:04:00",32.0641,-4.310999999999998,0,0,0,0
"2023-06-19 12:05:00",14.1049,-3.9878,0,-0.0002774,0.0056,-0.425898
"2023-06-19 12:06:00",17.117600000000007,-3.2348,0.0070674,0,0.002,0
"2023-06-19 12:07:00",42.79679999999999,-9.621100000000002,0.22051884,0,0.002,0
"2023-06-19 12:08:00",9.575599999999998,-50.96780000000002,0,0,0.00366342,0
"2023-06-19 12:09:00",9.768799999999999,-110.57549999999995,0,0,0,0
"2023-06-19 12:10:00",5.488299999999998,-19.100999999999996,0,0,0,0
"2023-06-19 12:11:00",32.97810000000002,-130.92950000000002,0,0,0,-0.002
"2023-06-19 12:12:00",33.459399999999995,-162.17419999999987,0,0,0.19031914,-2.9144067199999997
"2023-06-19 12:13:00",13.430799999999998,-12.469000000000001,0,0,4,0
"2023-06-19 12:14:00",8.471100000000003,-198.60420000000008,0,0,0.00421111,-0.153932
"2023-06-19 12:15:00",26.80539999999999,-130.56550000000018,0,0,0,-0.002
"2023-06-19 12:16:00",11.807199999999995,-11.531399999999996,0,0,0,0
"2023-06-19 12:17:00",16.1932,-3.8624999999999994,0,0,0,0
"2023-06-19 12:18:00",3.3750999999999998,-119.60479999999998,0,0,0.01569864,0
"2023-06-19 12:19:00",182.71040000000005,-701.7300000000005,0,0,0,-37.359115390000014
"2023-06-19 12:20:00",97.50460000000004,-131.86260000000001,0,0,0,-0.37593851
"2023-06-19 12:21:00",173.2462000000001,-20.427300000000006,0,0,0.08475711999999999,0
"2023-06-19 12:22:00",33.70169999999999,-64.84410000000003,0,0,0.834402,0
"2023-06-19 12:23:00",45.03179999999999,-30.160099999999996,0,0,3.2019554299999995,0
"2023-06-19 12:24:00",32.3877,-38.079100000000025,0,0,0.18146396,0
"2023-06-19 12:25:00",24.982999999999993,-50.95250000000002,0,0,0.65766618,0
"2023-06-19 12:26:00",34.710699999999996,-21.7707,0,0,11.006000000000002,0
"2023-06-19 12:27:00",26.692199999999996,-12.041,0,0,2.3872999999999998,0
"2023-06-19 12:28:00",116.32269999999995,-124.77530000000002,0,0,0.17659252,0
"2023-06-19 12:29:00",2.8833000000000015,-13.033999999999995,0,0,0.00634394,0
"2023-06-19 12:30:00",1.3674999999999997,-11.0199,0,0,0,-0.060200000000000004
"2023-06-19 12:31:00",7.358800000000001,-10.970299999999998,0,0,0.00317128,0
"2023-06-19 12:32:00",16.790699999999994,-22.204399999999993,0,0,0.0313809,0
"2023-06-19 12:33:00",2.306900000000001,-110.7459,0,0,1.1292817000000002,0
"2023-06-19 12:34:00",1.2534,-14.807899999999998,0,0,0.02047,-0.0105
"2023-06-19 12:35:00",14.524799999999999,-4.118799999999999,0,-0.00003415,0,0
"2023-06-19 12:36:00",64.24750000000002,-130.79369999999994,0,0,2,0
"2023-06-19 12:37:00",5.222599999999999,-48.972200000000015,0,0,0,0
"2023-06-19 12:38:00",14.961,-45.0453,0,0,0,0
"2023-06-19 12:39:00",3.7316000000000003,-19.362199999999998,0,0,0.02526544,0
"2023-06-19 12:40:00",1.8860999999999994,-45.560100000000006,0,0,0.00587932,0
"2023-06-19 12:41:00",15.595899999999997,-8.697200000000002,0,0,0,0
"2023-06-19 12:42:00",4.642100000000001,-8.114300000000002,0,0,0.02599593,0
"2023-06-19 12:43:00",34.426000000000016,-72.2419,0,-0.54697232,0.02535763,0
"2023-06-19 12:44:00",17.2629,-76.14729999999997,0,0,0,0
"2023-06-19 12:45:00",7.4319,-14.881399999999998,0,0,0.00368997,0
"2023-06-19 12:46:00",11.227199999999998,-21.7434,0,0,0,0
"2023-06-19 12:47:00",9.268,-11.983199999999995,0,0,0.00417752,0
"2023-06-19 12:48:00",2.2486999999999995,-73.69790000000002,0,0,0.00485758,0
"2023-06-19 12:49:00",2.195899999999999,-3.1112000000000006,0,0,0,0
"2023-06-19 12:50:00",5.597200000000003,-61.13390000000001,0,0,0,-1.278153
"2023-06-19 12:51:00",22.013700000000004,-15.6228,0,0,0.921,0
"2023-06-19 12:52:00",16.6964,-2.969,0,0,0,-1.5231804999999998
"2023-06-19 12:53:00",11.676200000000001,-16.0722,0,0,0,0
"2023-06-19 12:54:00",11.467100000000006,-9.239999999999995,0,0,0.0717647,0
"2023-06-19 12:55:00",3.996799999999998,-34.26430000000001,0,0,0.00580663,-0.02466524
"2023-06-19 12:56:00",21.557499999999997,-3.109799999999999,0,0,0.01079064,-0.00778354
"2023-06-19 12:57:00",0,0,0,0,0,0
"2023-06-19 12:58:00",0,0,0,0,0,0
"2023-06-19 12:59:00",0,0,0,0,0,0
"2023-06-19 13:00:00",0,0,0,0,0,0
"2023-06-19 13:01:00",0,0,0,0,0,0
"2023-06-19 13:02:00",0,0,0,0,0,0
"2023-06-19 13:03:00",0,0,0,0,0,0
"2023-06-19 13:04:00",0,0,0,0,0,0
"2023-06-19 13:05:00",0,0,0,0,0,0
"2023-06-19 13:06:00",40.72970000000001,-6.424800000000002,0,0,0.25029766999999997,0
"2023-06-19 13:07:00",15.1748,-6.2354,0,0,0.00316568,0
"2023-06-19 13:08:00",15.036600000000002,-34.997699999999995,0,0,4.5,0
"2023-06-19 13:09:00",80.82070000000002,-92.96859999999998,0,0,0,0
"2023-06-19 13:10:00",12.275500000000006,-8.796100000000004,0,0,0.30566778,0
"2023-06-19 13:11:00",1013.9035000000008,-505.8153000000002,0,0,39.406769329999996,-0.006
"2023-06-19 13:12:00",19.468699999999995,-32.3867,0,0,0,0
"2023-06-19 13:13:00",25.547700000000006,-22.713499999999996,0,0,0,-0.0042130399999999995
"2023-06-19 13:14:00",93.644,-32.7416,0,0,0.10400000000000001,-0.004
"2023-06-19 13:15:00",14.263999999999996,-3.590099999999999,0,0,0,0
"2023-06-19 13:16:00",25.989400000000018,-55.66090000000001,0,0,0.00707802,0
"2023-06-19 13:17:00",171.11670000000007,-12.187999999999999,0,0,1.7357712,0
"2023-06-19 13:18:00",58.98610000000001,-26.719299999999997,0,0,0.13563139000000002,0
"2023-06-19 13:19:00",99.86380000000001,-32.7473,0,0,8.965089809999998,-0.01986372
"2023-06-19 13:20:00",19.774599999999992,-107.76759999999997,0,0,0.00615466,-0.40498649999999997
"2023-06-19 13:21:00",35.4064,-19.446100000000005,0,0,0.11443954,-3.2686823699999996
"2023-06-19 13:22:00",5.078199999999999,-62.96130000000001,0,0,0.00495022,-0.05
"2023-06-19 13:23:00",100.13610000000003,-19.244099999999985,0,0,0.23636320000000002,-0.01181859
"2023-06-19 13:24:00",4.5274,-28.592299999999998,0,0,0.1614695,-3.4910566000000003
"2023-06-19 13:25:00",6.7155000000000005,-62.870599999999996,0,0,3.54710434,0
"2023-06-19 13:26:00",2.2107000000000006,-6.760200000000001,0,-0.17600969,0.818757,0
"2023-06-19 13:27:00",30.846000000000004,-9.2856,0,0,0.45922397,0
"2023-06-19 13:28:00",11.6869,-34.36390000000001,0,0,0.010384,-0.21050000000000002
"2023-06-19 13:29:00",13.199699999999996,-3.854499999999999,0.1444022,0,0.1658638,0
"2023-06-19 13:30:00",7.851799999999999,-13.503100000000003,0,0,0,0
"2023-06-19 13:31:00",51.07360000000001,-1.2804,0,0,0.38480826999999995,0
"2023-06-19 13:32:00",29.1283,-6.198599999999998,0,0,1.559651,0
"2023-06-19 13:33:00",64.85550000000002,-6.7626,0,0,0.02499378,-0.01364753
"2023-06-19 13:34:00",13.523800000000001,-10.468999999999996,0,0,0,-0.10878529
"2023-06-19 13:35:00",25.34,-7.670200000000001,0.28883253,-0.00357698,0,-0.002
"2023-06-19 13:36:00",5.8936,-19.6433,0,0,0.08874971000000001,0
"2023-06-19 13:37:00",150.06890000000007,-19.4581,0,0,6.6170236,-0.004
"2023-06-19 13:38:00",2.8393,-6.150799999999999,0,0,0.07909627,0
"2023-06-19 13:39:00",31.3361,-252.28640000000013,0,0,0,-1.68018677
"2023-06-19 13:40:00",5.4296999999999995,-12.339799999999995,0,0,0,-0.004
"2023-06-19 13:41:00",117.49919999999996,-101.52100000000002,0,0,0.00956547,-0.041966
"2023-06-19 13:42:00",8.646899999999995,-5.1348,0,0,0.00316624,0
"2023-06-19 13:43:00",13.750900000000001,-16.357300000000002,0,0,0.00315609,0
"2023-06-19 13:44:00",7.3064,-4.6312,0,0,0,-0.002
"2023-06-19 13:45:00",29.9071,-35.2751,0,0,0,0
"2023-06-19 13:46:00",21.669400000000007,-4.420299999999999,0,0,0.00316677,0
"2023-06-19 13:47:00",92.69029999999998,-549.3586999999998,0.01596149,0,0.13899867,-2.52933919
"2023-06-19 13:48:00",14.578000000000001,-17.6076,0,0,0.06335774,0
"2023-06-19 13:49:00",7.312699999999999,-29.144499999999994,0.43869873,0,0,-12.338548340000001
"2023-06-19 13:50:00",91.1345,-2.5555,0,0,0.00633762,0
"2023-06-19 13:51:00",77.1517,-86.04890000000002,0,0,0,0
"2023-06-19 13:52:00",50.8587,-126.8189,0.03521158,0,0.03168643,0
"2023-06-19 13:53:00",6.143200000000002,-21.6003,0,0,0.0027600000000000003,0
"2023-06-19 13:54:00",121.65319999999998,-194.46319999999994,0,-0.01596149,0,-6.183411389999999
"2023-06-19 13:55:00",162.11810000000006,-306.25,0,0,0.008338390000000001,0
"2023-06-19 13:56:00",9.087899999999994,-16.865699999999997,0,0,0,0
"2023-06-19 13:57:00",31.682099999999988,-329.28590000000014,0.073062,-0.01152631,0,-0.68641506
"2023-06-19 13:58:00",89.78500000000011,-169.21709999999987,0,-0.45924787,0.3,-1.6667784000000003
"2023-06-19 13:59:00",22.514699999999998,-19.063199999999984,0.099994,0,0,-0.10600000000000001
"2023-06-19 14:00:00",19.576299999999996,-77.5748,0,0,1.125266,-0.19463738000000003
"2023-06-19 14:01:00",65.5912,-28.281800000000004,0.05963,0,0.15235426000000002,-0.1
"2023-06-19 14:02:00",64.48460000000001,-54.7453,0,0,0.15371556,0
"2023-06-19 14:03:00",9.6681,-14.865300000000001,0.14416402,0,0,0
"2023-06-19 14:04:00",10.310599999999997,-14.091599999999996,0,0,0,-0.002
"2023-06-19 14:05:00",26.7317,-26.781400000000023,0.144866,-0.00057226,0.00324034,0
"2023-06-19 14:06:00",12.747399999999997,-8.543199999999999,0,0,17.687763850000003,0
"2023-06-19 14:07:00",6.613799999999999,-2.4601000000000006,0.14416402,0,0,0
"2023-06-19 14:08:00",9.458599999999997,-12.616799999999996,0,0,0.41000397,0
"2023-06-19 14:09:00",4.3319,-15.250400000000003,0.12042985,0,0,0
"2023-06-19 14:10:00",26.433400000000002,-249.29700000000005,0,0,0,0
"2023-06-19 14:11:00",10.654599999999995,-14.103599999999998,0.12042984,0,0.002,0
"2023-06-19 14:12:00",16.731999999999992,-2.7477,0,0,0,-0.002
"2023-06-19 14:13:00",39.70480000000001,-47.608600000000024,0.12042984,0,0.13499999999999998,0
"2023-06-19 14:14:00",37.7373,-19.962899999999998,0,0,0.07638958,0
"2023-06-19 14:15:00",3.8575999999999997,-6.4837,0.14416402,0,0,0
"2023-06-19 14:16:00",15.1963,-11.3779,0,0,0,-0.007180849999999999
"2023-06-19 14:17:00",5.822400000000001,-2.4800999999999997,0.12042984,0,0,0
"2023-06-19 14:18:00",12.859099999999998,-21.580500000000008,0,0,1.3758768399999999,0
"2023-06-19 14:19:00",18.1753,-7.7684000000000015,0.12042984,0,0,0
"2023-06-19 14:20:00",160.2445,-7.902,0,0,1.50306683,0
"2023-06-19 14:21:00",29.307599999999994,-12.503599999999997,0.14416402,0,0.01585702,-0.006
"2023-06-19 14:22:00",7.7685,-79.39280000000002,0,0,0,0
"2023-06-19 14:23:00",110.22670000000001,-2.7160999999999995,0.12042984,0,0,0
"2023-06-19 14:24:00",34.626900000000006,-12.2647,0,0,0,0
"2023-06-19 14:25:00",93.34490000000001,-20.317500000000003,0.14416402,0,0,0
"2023-06-19 14:26:00",4.8875,-42.41990000000002,0,0,0.24480553,-0.00562346
"2023-06-19 14:27:00",13.642899999999996,-13.859000000000004,0,0,0.07434346,0
"2023-06-19 14:28:00",17.390000000000008,-18.410999999999998,0,0,0.07433394,-0.10318795
"2023-06-19 14:29:00",124.15719999999997,-6.8781,0,0,0.00894367,0
"2023-06-19 14:30:00",6.201600000000002,-6.898999999999998,0,0,3.704135,0
"2023-06-19 14:31:00",196.9613,-46.718600000000016,0,-0.00771826,5.471846119999999,-0.2
"2023-06-19 14:32:00",5.4213000000000005,-45.337800000000016,0,0,0,0
"2023-06-19 14:33:00",96.74069999999999,-46.344699999999996,0,0,0.315947,0
"2023-06-19 14:34:00",3.644999999999999,-77.10999999999996,0,0,0.00316936,-0.002
"2023-06-19 14:35:00",2.0039000000000002,-201.20199999999952,0,-0.00025964,0.00388343,-0.002
"2023-06-19 14:36:00",17.4088,-104.83079999999997,0,0,0.019946,-0.27
"2023-06-19 14:37:00",7.143599999999998,-14.352099999999995,0,0,0.03171175,-0.002
"2023-06-19 14:38:00",57.34339999999999,-25.654899999999994,0,0,0,0
"2023-06-19 14:39:00",5.389,-33.96620000000001,0,0,1.44271607,0
"2023-06-19 14:40:00",23.711899999999996,-15.290700000000001,0,0,0.2172,-0.012
"2023-06-19 14:41:00",73.45719999999999,-50.89209999999999,0,0,0.00647873,-0.002
"2023-06-19 14:42:00",22.092999999999996,-6.4116,0,0,0.00792748,-0.032661
"2023-06-19 14:43:00",10.3413,-4.989999999999999,0.00471905,0,0.00516225,-0.5
"2023-06-19 14:44:00",31.395,-11.671099999999997,0,0,0,0
"2023-06-19 14:45:00",9.435600000000003,-9.068899999999998,0.00471905,0,0.010992,0
"2023-06-19 14:46:00",6.667299999999999,-124.19979999999997,0,0,0.04780598,0
"2023-06-19 14:47:00",159.24100000000004,-10.031600000000003,0,0,4.836958639999997,0
"2023-06-19 14:48:00",19.668000000000003,-9.078600000000005,0,0,0.014408,0
"2023-06-19 14:49:00",59.28260000000002,-19.886600000000005,0.01452049,0,0,0
"2023-06-19 14:50:00",66.38249999999996,-43.9988,0,0,1.8567621,0
"2023-06-19 14:51:00",123.71330000000002,-133.36339999999993,0,0,0.34266718000000007,0
"2023-06-19 14:52:00",76.27590000000002,-105.3922,0,0,0,0
"2023-06-19 14:53:00",13.021099999999995,-1.8535999999999997,0,0,0.6512667200000001,-0.00351918
"2023-06-19 14:54:00",108.6877,-68.68940000000003,0,0,0,0
"2023-06-19 14:55:00",9.955499999999997,-59.904999999999994,0,0,0,0
"2023-06-19 14:56:00",12.733800000000004,-79.21970000000003,0,0,0,0
"2023-06-19 14:57:00",96.20200000000003,-10.398599999999998,0,0,2.8288486599999993,-2.9
"2023-06-19 14:58:00",36.962800000000016,-24.04949999999999,0,0,0.64829489,0
"2023-06-19 14:59:00",13.448300000000001,-19.42600000000001,0.00283906,0,0,0
"2023-06-19 15:00:00",5.894999999999999,-73.81379999999999,0,0,0,0
"2023-06-19 15:01:00",22.066800000000004,-4.385599999999999,0,0,0,0
"2023-06-19 15:02:00",6.889399999999999,-3.3951000000000002,0,0,0.00905666,0
"2023-06-19 15:03:00",6.736599999999999,-88.21220000000004,0,0,0,0
"2023-06-19 15:04:00",9.123899999999999,-31.087300000000003,0,0,0,0
"2023-06-19 15:05:00",28.778800000000007,-49.6568,0,-0.00000342,0.08,-0.002
"2023-06-19 15:06:00",5.819799999999998,-9.470799999999997,0,0,1,0
"2023-06-19 15:07:00",20.595200000000002,-2.926999999999999,0,0,0,0
"2023-06-19 15:08:00",89.19319999999998,-16.849499999999992,0,0,0,-0.32299999999999995
"2023-06-19 15:09:00",7.575400000000001,-21.1116,0,0,0.0095003,0
"2023-06-19 15:10:00",19.588500000000003,-4.2970999999999995,0,0,0.030482910000000002,0
"2023-06-19 15:11:00",35.55340000000001,-58.377399999999994,0,0,0.02365022,-0.00286699
"2023-06-19 15:12:00",5.001199999999998,-10.961599999999999,0,0,0,-0.00255002
"2023-06-19 15:13:00",4.5302,-9.958799999999998,0,0,1.21707046,0
"2023-06-19 15:14:00",15.672499999999998,-7.6189,0,0,0,0
"2023-06-19 15:15:00",14.201399999999998,-12.053999999999997,0,0,0,0
"2023-06-19 15:16:00",6.221700000000002,-42.851899999999986,0,0,0.229674,0
"2023-06-19 15:17:00",5.035099999999999,-13.792599999999998,0,0,0.19615457,-0.58
"2023-06-19 15:18:00",55.643299999999996,-8.667300000000001,0,0,0,0
"2023-06-19 15:19:00",18.96530000000001,-5.344100000000001,0,0,0,-0.0578
"2023-06-19 15:20:00",40.592400000000005,-13.594099999999997,0,0,0.08614027,0
"2023-06-19 15:21:00",26.2861,-3.0712000000000006,0,0,0,0
"2023-06-19 15:22:00",79.14910000000006,-24.564200000000003,0,0,28.113805539999998,0
"2023-06-19 15:23:00",860.1111999999993,-458.45379999999983,0,-1.2161007799999999,4.4747096299999995,-0.82101476
"2023-06-19 15:24:00",715.4828999999991,-620.3618000000004,0.28733055,-0.29980805,12.610294890000002,-0.18954717000000001
"2023-06-19 15:25:00",70.89349999999999,-81.40180000000001,0,0,0.3896649,-0.53619304
"2023-06-19 15:26:00",90.72170000000001,-77.7694,0,0,0,0
"2023-06-19 15:27:00",141.27859999999995,-22.610999999999994,0,0,0.06445232,-0.056
"2023-06-19 15:28:00",58.08359999999999,-378.11830000000026,0,0,0.25,0
"2023-06-19 15:29:00",29.752199999999995,-123.89259999999999,0,0,0,-0.387
"2023-06-19 15:30:00",252.77769999999992,-349.7011,0,0,4.589799999999997,-0.38078059
"2023-06-19 15:31:00",89.20459999999997,-215.46149999999986,0,0,0,-0.37489155
"2023-06-19 15:32:00",285.1814000000002,-641.2034000000004,0,0,0,-8.343409740000002
"2023-06-19 15:33:00",66.27669999999999,-15.515100000000002,0,0,0.39229,-0.1
"2023-06-19 15:34:00",95.82440000000004,-93.46740000000001,0.05792831,0,0.202,-0.1
"2023-06-19 15:35:00",49.52090000000001,-184.09970000000007,0,-0.00218874,0.0384157,0
"2023-06-19 15:36:00",5.783100000000001,-61.28640000000001,0,0,0.02113949,-0.00887856
"2023-06-19 15:37:00",61.86010000000002,-22.527500000000007,0,0,0,0
"2023-06-19 15:38:00",188.49799999999993,-801.4875000000004,0,0,0.17763079999999998,-0.024069100000000003
"2023-06-19 15:39:00",185.90640000000002,-74.87960000000001,0,0,1.75870347,0
"2023-06-19 15:40:00",150.67270000000005,-11.565000000000001,0,0,0.05,0
"2023-06-19 15:41:00",117.45900000000003,-36.920300000000005,0,0,0,0
"2023-06-19 15:42:00",122.55920000000005,-23.109399999999997,0,0,0,0
"2023-06-19 15:43:00",304.7126999999996,-892.3672,0,0,0,-20.951153090000002
"2023-06-19 15:44:00",107.63490000000003,-77.4176,0,0,0.25442214,0
"2023-06-19 15:45:00",231.82840000000004,-402.9398,0,0,0,-1.53201984
"2023-06-19 15:46:00",363.01250000000016,-489.59349999999995,0,0,0.41400000000000003,-14.881895980000007
"2023-06-19 15:47:00",92.25050000000005,-42.36489999999998,0,0,0,-0.5
"2023-06-19 15:48:00",89.568,-82.1735,0,0,0,-0.13753279
"2023-06-19 15:49:00",172.19009999999997,-7.817100000000001,0,0,0.3378,0
"2023-06-19 15:50:00",290.2678999999998,-440.5142,0,0,0.74031666,-5.7542866
"2023-06-19 15:51:00",82.00210000000001,-50.22950000000001,0,0,0.06931723000000001,0
"2023-06-19 15:52:00",31.5532,-6.7148,0,0,0.0032305,0
"2023-06-19 15:53:00",145.17619999999994,-24.3971,0,0,0,0
"2023-06-19 15:54:00",41.340099999999985,-21.675700000000003,0,0,0.27403367,0
"2023-06-19 15:55:00",163.18759999999997,-26.846699999999995,0,0,0.13899789,-0.0102408
"2023-06-19 15:56:00",118.9652,-203.09989999999996,0,0,6.873653349999996,-7.068284080000001
"2023-06-19 15:57:00",56.09800000000003,-73.39749999999998,0,0,0,-0.75884082
"2023-06-19 15:58:00",5.3245,-40.644299999999994,0,0,0.06122921,0
"2023-06-19 15:59:00",5.144700000000001,-21.4671,0,0,0.08167342000000001,0
"2023-06-19 16:00:00",21.357000000000006,-31.638500000000004,0,0,0,-0.5792335700000001
"2023-06-19 16:01:00",138.98589999999996,-48.33309999999999,0,0,2.02297588,0
"2023-06-19 16:02:00",35.6801,-42.28389999999999,0,0,0.10485338,-1.01769295
"2023-06-19 16:03:00",8.818699999999998,-26.450200000000002,0,0,0.09092964,0
"2023-06-19 16:04:00",4.080199999999998,-33.99320000000001,0,0,0.05789612,-1.84526281
"2023-06-19 16:05:00",19.896400000000007,-12.194300000000004,0,-0.0002798,0.00315936,-0.049999999999999996
"2023-06-19 16:06:00",33.579,-13.404599999999999,0,0,0,-0.04475588
"2023-06-19 16:07:00",47.040600000000005,-14.682899999999998,0,0,0.01905034,-0.0024
"2023-06-19 16:08:00",10.035099999999998,-131.5779,0,0,0,-0.002
"2023-06-19 16:09:00",116.36499999999995,-57.798599999999986,0,0,17.6983555,-0.1751
"2023-06-19 16:10:00",80.70869999999995,-45.35320000000001,0,0,0.11137,0
"2023-06-19 16:11:00",56.80480000000002,-27.243699999999993,0,0,0,-0.26504999
"2023-06-19 16:12:00",71.45259999999999,-7.644400000000001,0,0,0,0
"2023-06-19 16:13:00",32.3655,-44.47290000000002,0,0,0,0
"2023-06-19 16:14:00",10.2682,-28.045900000000003,0,0,0,-0.01445
"2023-06-19 16:15:00",92.06110000000004,-11.5482,0,0,0.04535509,0
"2023-06-19 16:16:00",167.80410000000006,-30.7873,0,0,0.05,0
"2023-06-19 16:17:00",148.28910000000002,-345.0839000000008,0,0,1.01539024,-38.167430370000005
"2023-06-19 16:18:00",43.1048,-37.66500000000003,0,0,0,-4.352123389999998
"2023-06-19 16:19:00",17.3767,-11.924299999999999,0,0,7.449149300000001,-0.0473911
"2023-06-19 16:20:00",6.959199999999998,-21.3067,0,0,26.865642439999995,-0.04350058
"2023-06-19 16:21:00",30.82379999999999,-34.523099999999985,0,0,0.5369765200000001,0
"2023-06-19 16:22:00",78.69000000000001,-156.26050000000006,0,0,0,-12.824884639999999
"2023-06-19 16:23:00",19.70090000000001,-80.66940000000007,0,0,0.59552902,-8.25
"2023-06-19 16:24:00",52.15510000000001,-29.81750000000001,0,0,0.1,-0.7742991
"2023-06-19 16:25:00",6.9087000000000005,-6.3458,0,0,0.2,0
"2023-06-19 16:26:00",32.74280000000001,-36.611399999999996,0,0,0.05,0
"2023-06-19 16:27:00",34.01480000000001,-39.179,0,0,1.0669836400000001,-0.32909723
"2023-06-19 16:28:00",11.0383,-40.0683,0,0,0.56831363,-3.0879497999999996
"2023-06-19 16:29:00",57.04920000000002,-34.59970000000002,0,0,0,-0.05
"2023-06-19 16:30:00",46.811700000000016,-37.15370000000001,0,0,0,-0.58030846
"2023-06-19 16:31:00",67.06679999999994,-22.69329999999999,0,0,0.25,-0.002
"2023-06-19 16:32:00",37.957,-53.1833,0,0,0.7500000000000001,-0.18318
"2023-06-19 16:33:00",70.7077,-38.62629999999999,0,0,0.005529,-1.44271607
"2023-06-19 16:34:00",66.06849999999999,-23.9583,0,0,0.15780576,0
"2023-06-19 16:35:00",44.13759999999999,-21.541999999999987,0.01867725,-0.00054982,0.03471326,0
"2023-06-19 16:36:00",40.65129999999999,-15.812600000000002,0,0,0.0085208,0
"2023-06-19 16:37:00",27.30859999999999,-224.36630000000002,0,0,0.0126303,-1.5778963400000001
"2023-06-19 16:38:00",9.354799999999996,-2.8569999999999993,0,0,0,-0.05
"2023-06-19 16:39:00",22.288600000000002,-118.55860000000004,0,0,0.01263038,0
"2023-06-19 16:40:00",26.60220000000001,-42.336300000000016,0,0,0.05,-0.08381664
"2023-06-19 16:41:00",19.29920000000001,-65.36089999999999,0,0,0,0
"2023-06-19 16:42:00",22.120100000000022,-5.577899999999999,0,0,0,0
"2023-06-19 16:43:00",10.00439999999999,-21.1972,0,0,0,0
"2023-06-19 16:44:00",36.25980000000001,-179.51520000000002,0,0,0,-3.550135569999999
"2023-06-19 16:45:00",42.83539999999999,-5.331699999999999,0,0,0,0
"2023-06-19 16:46:00",27.500899999999998,-46.746599999999994,0,0,0,-0.05
"2023-06-19 16:47:00",62.99940000000002,-31.2685,0,0,1.84989972,0
"2023-06-19 16:48:00",44.69100000000001,-120.59099999999994,0,0,0,-0.4879420000000001
"2023-06-19 16:49:00",88.4432,-26.4074,0,0,7.8458,0
"2023-06-19 16:50:00",70.65640000000005,-42.8805,0,0,0,0
"2023-06-19 16:51:00",66.51320000000003,-21.795999999999996,0,0,3.353264959999999,-0.28718072
"2023-06-19 16:52:00",36.648099999999985,-178.70889999999991,0,0,0,0
"2023-06-19 16:53:00",64.40960000000008,-128.0304,0,0,0.33335294,0
"2023-06-19 16:54:00",105.38709999999995,-38.2761,0,0,1.08695308,-0.1
"2023-06-19 16:55:00",45.247699999999995,-99.50519999999997,0,0,0.00912848,-0.05
"2023-06-19 16:56:00",34.27929999999999,-30.009700000000006,0,0,0,-4.632103449999999
"2023-06-19 16:57:00",31.573600000000006,-73.01620000000001,0.01252873,0,0.08161288,-0.1
"2023-06-19 16:58:00",161.37649999999994,-76.88459999999999,0,0,0.05,-0.00352941
"2023-06-19 16:59:00",122.62499999999996,-58.03990000000001,0,0,0,-1.09036945
"2023-06-19 17:00:00",28.04209999999999,-60.6376,0,0,0.01476717,0
"2023-06-19 17:01:00",125.48710000000004,-11.691000000000003,0,0,1.32916944,0
"2023-06-19 17:02:00",13.5139,-123.79060000000001,0,0,0.00322297,-0.002
"2023-06-19 17:03:00",18.215200000000003,-40.64460000000002,0,0,0.00295011,-0.49054439000000005
"2023-06-19 17:04:00",78.14299999999997,-41.48019999999999,0,0,0,0
"2023-06-19 17:05:00",73.70539999999998,-47.672099999999986,0,-0.00023388,0.00224936,-0.49779000000000007
"2023-06-19 17:06:00",71.1234,-74.6415,0,0,0.03803554,-1.2617322
"2023-06-19 17:07:00",47.50250000000002,-73.5647,0,0,0.002,-0.78147788
"2023-06-19 17:08:00",221.46790000000004,-153.26510000000005,0,-0.01650313,0.022395489999999997,-2.4207943999999983
"2023-06-19 17:09:00",84.95219999999996,-118.13180000000003,0,0,15.602893510000003,-0.15400000000000003
"2023-06-19 17:10:00",25.13339999999999,-113.28399999999999,0,0,1.39609184,-0.01192492
"2023-06-19 17:11:00",29.3825,-89.1067,0,0,2.3987766,-0.6000000000000001
"2023-06-19 17:12:00",35.687,-148.14269999999985,0,0,0.05,-0.05
"2023-06-19 17:13:00",71.70409999999998,-8.580199999999996,0,0,0,0
"2023-06-19 17:14:00",51.28839999999998,-184.42289999999986,0,0,0.06576013,-0.14954766000000003
"2023-06-19 17:15:00",52.897400000000054,-136.82919999999984,0,0,8.52606363,-0.11100000000000002
"2023-06-19 17:16:00",58.15089999999999,-84.53729999999996,0,0,0.010404,-0.0105
"2023-06-19 17:17:00",7.9405,-61.766700000000014,0,0,0.348097,-32.32296177
"2023-06-19 17:18:00",30.966599999999996,-235.63850000000002,0,0,1.00742303,-1.7637222000000001
"2023-06-19 17:19:00",1606.366700000001,-1430.0641000000023,0,-1.49195026,29.084682609999994,-162.11272479000007
"2023-06-19 17:20:00",316.0004000000002,-399.56800000000044,0,0,9.00044537,-2.30048107
"2023-06-19 17:21:00",146.30539999999996,-410.2932000000003,0,0,3.0937586,-1.7
"2023-06-19 17:22:00",89.31699999999996,-194.44649999999987,0,0,3.6444052599999988,-1.002
"2023-06-19 17:23:00",198.9701999999999,-51.91699999999999,0,0,0.012701750000000001,0
"2023-06-19 17:24:00",56.619900000000015,-101.24919999999997,0,0,0,0
"2023-06-19 17:25:00",191.08330000000004,-440.9878000000004,0.144649,0,0.17728201999999998,-9.29087815
"2023-06-19 17:26:00",122.7765,-66.16550000000001,0,0,0.44940189,-5.8291138799999995
"2023-06-19 17:27:00",59.80660000000002,-134.80009999999996,0,0,0.07346987999999999,-1.413
"2023-06-19 17:28:00",36.5789,-152.95539999999997,0,0,1.7042,-5.9245899999999985
"2023-06-19 17:29:00",133.1321999999999,-15.117199999999999,0,0,0.9034315799999999,0
"2023-06-19 17:30:00",56.945399999999985,-106.75800000000008,0,0,0,-0.004
"2023-06-19 17:31:00",27.659200000000006,-75.55709999999989,0,0,0.00317574,0
"2023-06-19 17:32:00",51.796600000000005,-225.4975,0,0,0.5878557200000001,0
"2023-06-19 17:33:00",388.6994000000002,-219.4690000000002,0,0,9.275211360000004,-0.7105300000000001
"2023-06-19 17:34:00",21.560000000000002,-103.33219999999996,0,0,4.708367,-28.259699999999995
"2023-06-19 17:35:00",4.7494000000000005,-27.6927,0,-0.00018212,0,-0.348727
"2023-06-19 17:36:00",180.3533,-58.80259999999999,0,0,0.01155864,0
"2023-06-19 17:37:00",25.6242,-280.1960000000001,0,0,0.03556898,-6.669564489999999
"2023-06-19 17:38:00",34.86680000000001,-88.2067,0,0,0.053238650000000005,0
"2023-06-19 17:39:00",58.36300000000002,-112.08559999999997,0,0,3.4751466599999987,-0.05
"2023-06-19 17:40:00",12.234900000000001,-56.942800000000034,0,0,0.033349290000000004,0
"2023-06-19 17:41:00",50.2149,-51.1301,0.14468399999999998,0,0,-0.05
"2023-06-19 17:42:00",16.4795,-29.214299999999998,0,0,0.006346839999999999,0
"2023-06-19 17:43:00",12.4004,-73.11810000000003,0.132995,0,0.008961,-0.002
"2023-06-19 17:44:00",51.21439999999998,-132.57150000000001,0,0,0.05,0
"2023-06-19 17:45:00",28.514000000000014,-84.995,0,0,0.00744549,-0.002
"2023-06-19 17:46:00",208.5132999999999,-93.7754,0,0,0.9099261799999999,-0.7483538000000001
"2023-06-19 17:47:00",454.52370000000013,-174.1752,0.077496,0,0,0
"2023-06-19 17:48:00",146.633,-52.67069999999999,0,0,0.011,-0.02732471
"2023-06-19 17:49:00",551.4253999999999,-196.67580000000012,0.144585,0,3.0020545699999994,0
"2023-06-19 17:50:00",486.93960000000004,-94.48480000000004,0,0,0,0
"2023-06-19 17:51:00",31.525699999999983,-100.39439999999999,0,0,0.0039283,0
"2023-06-19 17:52:00",125.20879999999997,-12.378100000000002,0,0,0.00379336,0
"2023-06-19 17:53:00",19.358600000000003,-8.1324,0,0,0,-1
"2023-06-19 17:54:00",20.5861,-92.47540000000004,0,0,0.9890599999999999,0
"2023-06-19 17:55:00",43.42650000000002,-13.7848,0,0,0.05,0
"2023-06-19 17:56:00",7.3062,-5.9943,0,0,0.03176271,0
"2023-06-19 17:57:00",5.969900000000002,-9.817,0,0,0,0
"2023-06-19 17:58:00",4.265100000000001,-9.568500000000002,0,0,0.002,0
"2023-06-19 17:59:00",8.327900000000001,-5.561500000000001,0,-0.00619891,0.1,0
"2023-06-19 18:00:00",7.6358999999999995,-31.4615,0,0,0.01572569,0
"2023-06-19 18:01:00",83.86409999999998,-171.12880000000004,0,0,0,-0.22633072
"2023-06-19 18:02:00",10.124299999999993,-41.72920000000003,0,0,0,-0.060700000000000004
"2023-06-19 18:03:00",12.1041,-6.5472,0,0,1.25137522,0
"2023-06-19 18:04:00",4.9589000000000025,-18.379699999999993,0,0,0,-0.05
"2023-06-19 18:05:00",11.3987,-111.81810000000003,0,-0.00071023,0,-0.05
"2023-06-19 18:06:00",36.6911,-24.130200000000006,0,0,0,0
"2023-06-19 18:07:00",7.769900000000001,-41.06860000000004,0.144588,0,0.19895555999999998,0
"2023-06-19 18:08:00",5.726399999999998,-15.253899999999998,0,0,0,0
"2023-06-19 18:09:00",62.31580000000001,-156.98270000000005,0,0,0.007,-1.42875091
"2023-06-19 18:10:00",10.975299999999994,-78.68049999999998,0,0,0,-0.13111488999999998
"2023-06-19 18:11:00",77.95559999999998,-182.11340000000004,0,0,5.92387269,-1.6728569000000002
"2023-06-19 18:12:00",36.0432,-27.42599999999999,0,0,2.32709599,-1
"2023-06-19 18:13:00",95.19519999999999,-110.41429999999993,0,0,0,-0.42746
"2023-06-19 18:14:00",218.1760000000003,-521.1014,0,0,10.014000000000001,-36.91311022000001
"2023-06-19 18:15:00",27.6547,-119.13389999999994,0,0,0,0
"2023-06-19 18:16:00",48.005900000000004,-141.94510000000002,0,0,0.05,-0.1
"2023-06-19 18:17:00",159.82569999999993,-34.186699999999995,0,0,10.011000000000001,-0.502
"2023-06-19 18:18:00",19.959500000000002,-91.9307,0,0,0,-0.00493077
"2023-06-19 18:19:00",15.325499999999998,-45.54940000000002,0,0,0,0
"2023-06-19 18:20:00",5.080699999999998,-145.47620000000003,0,0,0.01796639,0
"2023-06-19 18:21:00",16.718099999999993,-64.13690000000001,0,0,0.63602585,-0.35506605
"2023-06-19 18:22:00",26.421900000000004,-139.72490000000002,0,0,0.045399,-2.255559
"2023-06-19 18:23:00",21.72029999999999,-9.3209,0,0,0,0
"2023-06-19 18:24:00",55.35280000000001,-72.58180000000002,0,0,1.10690135,0
"2023-06-19 18:25:00",3.760800000000001,-9.843200000000001,0,0,0.015475299999999999,-0.4
"2023-06-19 18:26:00",16.913399999999996,-64.0277,0,0,0.031066,-0.0443
"2023-06-19 18:27:00",202.0593999999998,-2.9695,0,0,0,0
"2023-06-19 18:28:00",20.909200000000013,-90.1298,0,0,0,-1.2523932400000002
"2023-06-19 18:29:00",16.0469,-6.374900000000001,0,0,0.07021722,-0.03127059
"2023-06-19 18:30:00",40.07149999999999,-29.1949,0,0,0.08566286000000001,-0.0569392
"2023-06-19 18:31:00",38.779500000000006,-736.2292000000003,0,0,0.598286,-3.3457421599999995
"2023-06-19 18:32:00",80.64759999999991,-181.37550000000007,0,0,0.23617188,0
"2023-06-19 18:33:00",127.77700000000003,-14.3299,0,0,0.534609,-0.485
"2023-06-19 18:34:00",19.630200000000002,-157.066,0,0,0.034615,-0.47036837
"2023-06-19 18:35:00",62.964099999999966,-4.563100000000002,0,-0.00241475,0,0
"2023-06-19 18:36:00",53.215299999999935,-15.5446,0,0,0,0
"2023-06-19 18:37:00",306.63419999999996,-64.62389999999996,0,0,6.16018426,0
"2023-06-19 18:38:00",11.010099999999996,-35.24939999999999,0,0,0.1,0
"2023-06-19 18:39:00",82.95650000000002,-6.4286,0,0,0,-0.00904722
"2023-06-19 18:40:00",85.42099999999995,-41.26260000000001,0,0,0.8302742000000001,0
"2023-06-19 18:41:00",21.0408,-71.61640000000003,0,0,0.1,-5.73520203
"2023-06-19 18:42:00",2.4249,-39.5153,0,0,0,-0.17631736
"2023-06-19 18:43:00",41.9327,-85.41079999999995,0,0,0.023879380000000002,-4.261374979999999
"2023-06-19 18:44:00",15.629200000000004,-35.58830000000001,0,0,0.05,0
"2023-06-19 18:45:00",14.167099999999996,-74.05640000000001,0,0,0,0
"2023-06-19 18:46:00",292.257,-70.8787,0,-0.06,12.593844540000001,0
"2023-06-19 18:47:00",34.704499999999996,-50.07310000000001,0,0,1.70113352,-4.5856498199999995
"2023-06-19 18:48:00",15.518199999999986,-27.603199999999994,0,0,0.07169883,-0.011
"2023-06-19 18:49:00",116.00869999999996,-3.4527000000000005,0,0,12.713970780000002,-0.0027203
"2023-06-19 18:50:00",21.34480000000002,-21.642700000000005,0,0,0.061153450000000005,-0.011099999999999999
"2023-06-19 18:51:00",22.96280000000002,-77.15080000000002,0,0,0,0
"2023-06-19 18:52:00",50.18979999999993,-3.2708000000000004,0,0,0.11450284000000001,-0.0364993
"2023-06-19 18:53:00",42.2867,-3.3164000000000007,0,0,0.053094,0
"2023-06-19 18:54:00",36.84580000000002,-56.509999999999984,0,0,0,-2.9
"2023-06-19 18:55:00",22.6028,-85.75099999999999,0,0,0,-0.5
"2023-06-19 18:56:00",18.082299999999996,-28.0292,0,0,0.20316845,0
"2023-06-19 18:57:00",7.268900000000001,-6.007499999999999,0,0,0.00317517,-0.015
"2023-06-19 18:58:00",43.5078,-17.8441,0,0,0,0
"2023-06-19 18:59:00",20.256199999999996,-15.400100000000002,0,0,0,0
"2023-06-19 19:00:00",11.924699999999987,-10.975099999999998,0,0,0.02021856,0
"2023-06-19 19:01:00",7.298999999999998,-117.43870000000007,0,0,0.01459437,-1.96994017
"2023-06-19 19:02:00",8.874799999999999,-100.86220000000002,0,0,0.08779100000000001,0
"2023-06-19 19:03:00",5.964899999999998,-35.7339,0,0,0.00317732,0
"2023-06-19 19:04:00",6.991399999999999,-87.29590000000003,0,0,0,-0.55984
"2023-06-19 19:05:00",9.805800000000003,-64.44080000000002,0,-0.00031523,0.05,0
"2023-06-19 19:06:00",8.6687,-45.2298,0,0,0.02721973,-0.05
"2023-06-19 19:07:00",167.97459999999998,-99.8024,0,0,1.98545078,-0.0109
"2023-06-19 19:08:00",19.352799999999995,-90.1262,0,0,0,-2.790620589999999
"2023-06-19 19:09:00",25.780400000000007,-24.906300000000005,0,0,0,-0.65902974
"2023-06-19 19:10:00",11.813799999999993,-44.307600000000015,0.01885095,0,0.00346923,-0.00824789
"2023-06-19 19:11:00",14.847399999999999,-90.0253,0,0,0.0298581,0
"2023-06-19 19:12:00",50.269899999999986,-184.66629999999998,0,0,0.05,-2.4856368000000004
"2023-06-19 19:13:00",29.091699999999996,-27.3842,0,-0.05249031,0.20260122,-0.18000000000000002
"2023-06-19 19:14:00",93.59779999999998,-72.6632,0,0,8.83235,-0.6162825999999999
"2023-06-19 19:15:00",46.23649999999998,-82.79310000000001,0,0,0.06852695,0
"2023-06-19 19:16:00",40.50090000000001,-191.87240000000003,0,0,0.042834920000000005,-0.14755863
"2023-06-19 19:17:00",91.89029999999997,-279.8093,0.00297392,0,0.08793200000000001,-2.1235333800000005
"2023-06-19 19:18:00",102.64069999999998,-106.59660000000001,0.02047539,0,0,0
"2023-06-19 19:19:00",27.6733,-15.821099999999998,0,0,0.2,0
"2023-06-19 19:20:00",11.210200000000004,-48.473,0,-0.45393695,0,-0.1249981
"2023-06-19 19:21:00",6.196199999999999,-52.60929999999999,0,0,0.11892718,-0.002
"2023-06-19 19:22:00",53.34579999999998,-6.712200000000001,0,0,1.357641,0
"2023-06-19 19:23:00",49.466599999999964,-10.6408,0,0,0,0
"2023-06-19 19:24:00",5.698,-13.069500000000001,0.00490212,0,0.13160884,0
"2023-06-19 19:25:00",55.745799999999946,-15.365399999999996,0,0,0.097286,-0.09
"2023-06-19 19:26:00",63.41319999999991,-9.073099999999998,0,0,1.5181664799999999,0
"2023-06-19 19:27:00",76.80319999999998,-113.73819999999999,0,0,0.04451239,-3.72782218
"2023-06-19 19:28:00",39.71549999999998,-16.4891,0,0,0,0
"2023-06-19 19:29:00",23.7182,-24.1543,0,0,0.08116257,0
"2023-06-19 19:30:00",10.836699999999999,-13.025700000000002,0,0,0.05,0
"2023-06-19 19:31:00",19.7151,-73.68430000000002,0,0,0.4420687,0
"2023-06-19 19:32:00",16.762700000000002,-4.479199999999999,0,0,0,-0.05
"2023-06-19 19:33:00",16.079600000000003,-11.432400000000001,0,0,0.038000000000000006,-0.004
"2023-06-19 19:34:00",18.347200000000004,-118.9689,0,0,0.22400127999999997,-0.01263547
"2023-06-19 19:35:00",4147.570399999979,-5962.76770000001,0.16532044,-0.30438878999999996,115.32179701999999,-441.59063907
"2023-06-19 19:36:00",630.2066000000004,-422.82100000000025,0,0,2.8959195699999998,-2.8330623999999998
"2023-06-19 19:37:00",516.2916000000004,-382.6316000000001,0,0,13.457227630000006,-10.778569569999998
"2023-06-19 19:38:00",147.3179,-197.08030000000002,0,0,11.736843340000002,-5.330664919999999
"2023-06-19 19:39:00",768.7429000000004,-281.4620999999998,0.00341679,-0.0282008,33.96113260000003,-10.11241186
"2023-06-19 19:40:00",1024.2111,-952.9855999999993,0,0,5.8616878299999975,-6.8492894600000005
"2023-06-19 19:41:00",402.7057,-559.6865000000006,0,0,0.7774743700000001,-12.165613510000002
"2023-06-19 19:42:00",81.94910000000006,-101.07540000000009,0,0,0.08528173,-0.6493
"2023-06-19 19:43:00",88.65369999999999,-161.13410000000002,0,0,0.05519994,-0.0229388
"2023-06-19 19:44:00",153.41340000000005,-184.47659999999996,0,0,0.00956125,-1.0692661900000002
"2023-06-19 19:45:00",75.66470000000001,-110.79180000000004,0,0,0.11153600000000001,-11.723010399999998
"2023-06-19 19:46:00",58.85420000000001,-114.52549999999997,0,0,0.30392474999999997,-0.23142320000000002
"2023-06-19 19:47:00",193.4153,-137.4376000000001,0,0,0,0
"2023-06-19 19:48:00",222.26960000000014,-126.16249999999998,0,0,2.494009999999999,-0.004
"2023-06-19 19:49:00",70.67419999999994,-183.88850000000008,0,0,0.02781285,0
"2023-06-19 19:50:00",78.42490000000001,-22.64410000000001,0,0,0.006824,0
"2023-06-19 19:51:00",165.41190000000006,-220.6109000000001,0,0,0.04026654,0
"2023-06-19 19:52:00",202.59110000000013,-84.38340000000002,0,0,0,0
"2023-06-19 19:53:00",142.32789999999994,-48.63109999999998,0,0,2.5537810099999994,0
"2023-06-19 19:54:00",90.27969999999999,-114.55999999999995,0,0,0,-0.002
"2023-06-19 19:55:00",82.14569999999999,-43.88240000000001,0,0,0.17741711,0
"2023-06-19 19:56:00",81.2354,-37.719400000000014,0.00396831,0,0.27443945000000003,0
"2023-06-19 19:57:00",239.42660000000018,-130.02529999999996,0,0,0.0150884,-0.05358162
"2023-06-19 19:58:00",70.97720000000002,-41.328699999999984,0,0,0.25,0
"2023-06-19 19:59:00",61.6444,-37.304199999999994,0,0,0.05807588,-0.01
"2023-06-19 20:00:00",38.5986,-7.237299999999999,0,0,0.01048385,-0.002
"2023-06-19 20:01:00",282.51670000000036,-359.8029,0,0,14.85038832,-5.43012565
"2023-06-19 20:02:00",52.439700000000045,-53.5314,0,0,0.26272708,0
"2023-06-19 20:03:00",44.78980000000001,-12.531200000000002,0,-0.01879587,0,0
"2023-06-19 20:04:00",134.67009999999993,-59.12530000000001,0,0,1.1017000000000001,0
"2023-06-19 20:05:00",66.68790000000003,-196.57650000000004,0,-0.00017966,1.8821614000000004,-27.605600000000003
"2023-06-19 20:06:00",180.61330000000007,-63.2113,0,0,3.996349709999997,-0.03043975
"2023-06-19 20:07:00",1000.0762999999981,-1035.8981000000008,0.76265643,-0.36133863,8.724898619999992,-1.1314029399999996
"2023-06-19 20:08:00",174.15460000000013,-214.27060000000006,0,-0.00290595,0.05646848,0
"2023-06-19 20:09:00",791.7810999999996,-720.1621999999991,0,0,4.416865009999999,-15.288834840000003
"2023-06-19 20:10:00",243.08420000000007,-159.5471000000002,0,0,0.07116286,-0.6620299700000002
"2023-06-19 20:11:00",366.9323000000001,-320.03080000000006,0,0,0.257,-5.43905472
"2023-06-19 20:12:00",647.7163000000013,-323.00550000000015,0,0,62.58749472000001,0
"2023-06-19 20:13:00",103.30410000000002,-228.26430000000005,0,0,0.22308140999999998,0
"2023-06-19 20:14:00",53.38120000000002,-88.69409999999999,0,0,0.016839,0
"2023-06-19 20:15:00",95.39549999999993,-66.67959999999997,0,0,0.07077873,-0.06825117
"2023-06-19 20:16:00",105.70679999999996,-133.8671,0,0,0.05,-14.840779600000003
"2023-06-19 20:17:00",71.41880000000002,-210.54580000000024,0,0,0,-0.16810667999999998
"2023-06-19 20:18:00",119.095,-76.41749999999999,0,0,0.36476431,-0.4073
"2023-06-19 20:19:00",70.6821,-54.781000000000006,0,-0.25619565,3.8538498599999986,0
"2023-06-19 20:20:00",49.90089999999999,-132.86090000000002,0,0,0,0
"2023-06-19 20:21:00",36.632900000000014,-148.80400000000012,0,0,0.0032298,-0.7586188300000001
"2023-06-19 20:22:00",366.7696000000004,-461.8401000000005,0,0,4.57287077,-1.4325467900000002
"2023-06-19 20:23:00",0,0,0,0,0,0
"2023-06-19 20:24:00",101.78569999999996,-18.019199999999998,0,0,2.9089999999999994,0
"2023-06-19 20:25:00",204.47619999999992,-136.947,0,0,0.69316798,-0.03564
"2023-06-19 20:26:00",135.6635,-171.74159999999992,0,0,2.3999341800000007,-25.9621
"2023-06-19 20:27:00",40.45470000000001,-75.71910000000001,0,0,0,-0.35272471
"2023-06-19 20:28:00",48.749100000000006,-42.04679999999999,0,0,15.112695830000002,0
"2023-06-19 20:29:00",131.1907,-100.18050000000002,0,0,14.518180320000003,0
"2023-06-19 20:30:00",55.651,-125.21000000000004,0,0,0,0
"2023-06-19 20:31:00",48.7885,-53.4203,0,0,0.1641324,-0.25
"2023-06-19 20:32:00",42.860000000000014,-189.04160000000005,0,0,0.20808189,-22.67160573
"2023-06-19 20:33:00",147.5553,-144.4196000000001,0,0,1.67830261,-0.4018398700000001