"DateTime","Commits","Stars","Open Issues"
"2020-05-05 00:00:00",26966,47465,579
"2020-05-06 00:00:00",26988,47475,579
"2020-05-07 00:00:00",27006,47491,572
"2020-05-08 00:00:00",27010,47509,568
"2020-05-09 00:00:00",27026,47525,504
"2020-05-10 00:00:00",27026,47544,493
"2020-05-11 00:00:00",27030,47569,496
"2020-05-12 00:00:00",27050,47609,496
"2020-05-13 00:00:00",27067,47631,496
"2020-05-14 00:00:00",27089,47657,498
"2020-05-15 00:00:00",27106,47679,499
"2020-05-16 00:00:00",27113,47695,501
"2020-05-17 00:00:00",27118,47720,502
"2020-05-18 00:00:00",27118,47736,504
"2020-05-19 00:00:00",27130,47746,498
"2020-05-20 00:00:00",27162,47768,500
"2020-05-21 00:00:00",27178,47787,505
"2020-05-22 00:00:00",27212,47803,508
"2020-05-23 00:00:00",27230,47808,509
"2020-05-24 00:00:00",27230,47823,510
"2020-05-25 00:00:00",27230,47837,511
"2020-05-26 00:00:00",27248,47851,510
"2020-05-27 00:00:00",27275,47869,511
"2020-05-28 00:00:00",27283,47882,513
"2020-05-29 00:00:00",27322,47892,509
"2020-05-30 00:00:00",27340,47904,509
"2020-05-31 00:00:00",27353,47919,506
"2020-06-01 00:00:00",27376,47932,510
"2020-06-02 00:00:00",27407,47943,509
"2020-06-03 00:00:00",27425,47951,511
"2020-06-04 00:00:00",27444,47974,515
"2020-06-05 00:00:00",27474,47992,516
"2020-06-06 00:00:00",27477,48007,517
"2020-06-07 00:00:00",27482,48031,517
"2020-06-08 00:00:00",27501,48046,517
"2020-06-09 00:00:00",27512,48061,520
"2020-06-10 00:00:00",27522,48070,523
"2020-06-11 00:00:00",27533,48083,523
"2020-06-12 00:00:00",27554,48090,524
"2020-06-13 00:00:00",27577,48105,525
"2020-06-14 00:00:00",27581,48119,525
"2020-06-15 00:00:00",27585,48135,525
"2020-06-16 00:00:00",27601,48148,525
"2020-06-17 00:00:00",27630,48165,524
"2020-06-18 00:00:00",27642,48182,526
"2020-06-19 00:00:00",27664,48199,527
"2020-06-20 00:00:00",27679,48214,526
"2020-06-21 00:00:00",27715,48221,529
"2020-06-22 00:00:00",27725,48235,531
"2020-06-23 00:00:00",27740,48256,534
"2020-06-24 00:00:00",27744,48268,535
"2020-06-25 00:00:00",27817,48283,535
"2020-06-26 00:00:00",27842,48287,534
"2020-06-27 00:00:00",27852,48285,537
"2020-06-28 00:00:00",27854,48298,535
"2020-06-29 00:00:00",27867,48309,538
"2020-06-30 00:00:00",27889,48321,537
"2020-07-01 00:00:00",27895,48332,538
"2020-07-02 00:00:00",27920,48340,536
"2020-07-03 00:00:00",27952,48348,534
"2020-07-04 00:00:00",27957,48360,535
"2020-07-05 00:00:00",27959,48373,534
"2020-07-06 00:00:00",27970,48383,537
"2020-07-07 00:00:00",27972,48397,539
"2020-07-08 00:00:00",27975,48420,540
"2020-07-09 00:00:00",27986,48430,539
"2020-07-10 00:00:00",28012,48436,540
"2020-07-11 00:00:00",28040,48445,541
"2020-07-12 00:00:00",28046,48451,543
"2020-07-13 00:00:00",28054,48458,544
"2020-07-14 00:00:00",28075,48478,545
"2020-07-15 00:00:00",28092,48483,545
"2020-07-16 00:00:00",28126,48502,545
"2020-07-17 00:00:00",28141,48547,546
"2020-07-18 00:00:00",28153,48576,547
"2020-07-19 00:00:00",28155,48602,548
"2020-07-20 00:00:00",28155,48626,549
"2020-07-21 00:00:00",28166,48648,548
"2020-07-22 00:00:00",28180,48663,547
"2020-07-23 00:00:00",28209,48675,549
"2020-07-24 00:00:00",28218,48683,549
"2020-07-25 00:00:00",28223,48702,551
"2020-07-26 00:00:00",28223,48715,551
"2020-07-27 00:00:00",28228,48729,552
"2020-07-28 00:00:00",28242,48751,554
"2020-07-29 00:00:00",28252,48762,556
"2020-07-30 00:00:00",28267,48789,557
"2020-07-31 00:00:00",28298,48799,554
"2020-08-01 00:00:00",28313,48815,553
"2020-08-02 00:00:00",28317,48833,553
"2020-08-03 00:00:00",28319,48844,554
"2020-08-04 00:00:00",28338,48863,554
"2020-08-05 00:00:00",28352,48889,555
"2020-08-06 00:00:00",28360,48899,554
"2020-08-07 00:00:00",28365,48923,557
"2020-08-08 00:00:00",28365,48939,559
"2020-08-09 00:00:00",28367,48952,558
"2020-08-10 00:00:00",28381,48965,547
"2020-08-11 00:00:00",28390,48982,546
"2020-08-12 00:00:00",28410,48994,549
"2020-08-13 00:00:00",28431,49009,546
"2020-08-14 00:00:00",28451,49027,541
"2020-08-15 00:00:00",28468,49047,538
"2020-08-16 00:00:00",28475,49056,538
"2020-08-17 00:00:00",28482,49078,538
"2020-08-18 00:00:00",28493,49092,537
"2020-08-19 00:00:00",28496,49116,536
"2020-08-20 00:00:00",28507,49131,538
"2020-08-21 00:00:00",28536,49148,538
"2020-08-22 00:00:00",28538,49157,537
"2020-08-23 00:00:00",28540,49168,537
"2020-08-24 00:00:00",28547,49182,536
"2020-08-25 00:00:00",28568,49194,541
"2020-08-26 00:00:00",28587,49211,544
"2020-08-27 00:00:00",28626,49220,545
"2020-08-28 00:00:00",28640,49232,547
"2020-08-29 00:00:00",28661,49241,546
"2020-08-30 00:00:00",28661,49254,548
"2020-08-31 00:00:00",28686,49272,546
"2020-09-01 00:00:00",28711,49285,545
"2020-09-02 00:00:00",28731,49300,546
"2020-09-03 00:00:00",28764,49311,546
"2020-09-04 00:00:00",28778,49319,546
"2020-09-05 00:00:00",28788,49326,547
"2020-09-06 00:00:00",28798,49336,548
"2020-09-07 00:00:00",28818,49377,548
"2020-09-08 00:00:00",28831,49468,547
"2020-09-09 00:00:00",28836,49556,550
"2020-09-10 00:00:00",28836,49569,552
"2020-09-11 00:00:00",28846,49581,551
"2020-09-12 00:00:00",28852,49598,554
"2020-09-13 00:00:00",28854,49615,555
"2020-09-14 00:00:00",28859,49627,554
"2020-09-15 00:00:00",28884,49638,554
"2020-09-16 00:00:00",28891,49654,553
"2020-09-17 00:00:00",28895,49658,555
"2020-09-18 00:00:00",28898,49671,555
"2020-09-19 00:00:00",28914,49683,555
"2020-09-20 00:00:00",28919,49693,556
"2020-09-21 00:00:00",28919,49706,556
"2020-09-22 00:00:00",28940,49726,558
"2020-09-23 00:00:00",28958,49746,558
"2020-09-24 00:00:00",28977,49751,558
"2020-09-25 00:00:00",28982,49757,560
"2020-09-26 00:00:00",28984,49764,559
"2020-09-27 00:00:00",28992,49782,559
"2020-09-28 00:00:00",28998,49791,559
"2020-09-29 00:00:00",29028,49806,561
"2020-09-30 00:00:00",29045,49819,561
"2020-10-01 00:00:00",29072,49839,563
"2020-10-02 00:00:00",29097,49848,559
"2020-10-03 00:00:00",29112,49859,560
"2020-10-04 00:00:00",29120,49870,560
"2020-10-05 00:00:00",29127,49881,562
"2020-10-06 00:00:00",29165,49894,564
"2020-10-07 00:00:00",29176,49897,563
"2020-10-08 00:00:00",29185,49914,567
"2020-10-09 00:00:00",29196,49924,566
"2020-10-10 00:00:00",29196,49945,566
"2020-10-11 00:00:00",29201,49965,567
"2020-10-12 00:00:00",29204,49995,569
"2020-10-13 00:00:00",29210,50014,568
"2020-10-14 00:00:00",29220,50028,567
"2020-10-15 00:00:00",29300,50055,568
"2020-10-16 00:00:00",29335,50080,569
"2020-10-17 00:00:00",29337,50095,572
"2020-10-18 00:00:00",29343,50104,573
"2020-10-19 00:00:00",29365,50113,575
"2020-10-20 00:00:00",29370,50127,575
"2020-10-21 00:00:00",29370,50138,576
"2020-10-22 00:00:00",29385,50154,574
"2020-10-23 00:00:00",29394,50165,576
"2020-10-24 00:00:00",29396,50181,577
"2020-10-25 00:00:00",29398,50200,578
"2020-10-26 00:00:00",29398,50218,580
"2020-10-27 00:00:00",29408,50253,582
"2020-10-28 00:00:00",29415,50271,581
"2020-10-29 00:00:00",29435,50282,580
"2020-10-30 00:00:00",29437,50303,580
"2020-10-31 00:00:00",29437,50314,580
"2020-11-01 00:00:00",29437,50328,580
"2020-11-02 00:00:00",29452,50341,579
"2020-11-03 00:00:00",29485,50359,581
"2020-11-04 00:00:00",29506,50379,581
"2020-11-05 00:00:00",29522,50388,578
"2020-11-06 00:00:00",29532,50408,580
"2020-11-07 00:00:00",29537,50421,580
"2020-11-08 00:00:00",29537,50441,582
"2020-11-09 00:00:00",29537,50461,583
"2020-11-10 00:00:00",29564,50477,584
"2020-11-11 00:00:00",29566,50494,583
"2020-11-12 00:00:00",29587,50513,583
"2020-11-13 00:00:00",29596,50527,584
"2020-11-14 00:00:00",29596,50545,586
"2020-11-15 00:00:00",29598,50564,589
"2020-11-16 00:00:00",29618,50607,587
"2020-11-17 00:00:00",29628,50689,586
"2020-11-18 00:00:00",29657,50712,585
"2020-11-19 00:00:00",29688,50727,585
"2020-11-20 00:00:00",29728,50754,585
"2020-11-21 00:00:00",29734,50776,585
"2020-11-22 00:00:00",29741,50796,585
"2020-11-23 00:00:00",29751,50806,587
"2020-11-24 00:00:00",29776,50822,587
"2020-11-25 00:00:00",29791,50847,589
"2020-11-26 00:00:00",29800,50874,590
"2020-11-27 00:00:00",29802,50886,592
"2020-11-28 00:00:00",29806,50898,592
"2020-11-29 00:00:00",29808,50913,592
"2020-11-30 00:00:00",29816,50937,593
"2020-12-01 00:00:00",29839,50953,594
"2020-12-02 00:00:00",29869,50975,593
"2020-12-03 00:00:00",29878,51001,595
"2020-12-04 00:00:00",29895,51023,595
"2020-12-05 00:00:00",29903,51046,596
"2020-12-06 00:00:00",29903,51064,597
"2020-12-07 00:00:00",29929,51084,595
"2020-12-08 00:00:00",29947,51105,596
"2020-12-09 00:00:00",29959,51117,596
"2020-12-10 00:00:00",30005,51148,594
"2020-12-11 00:00:00",30018,51164,596
"2020-12-12 00:00:00",30027,51182,597
"2020-12-13 00:00:00",30030,51196,598
"2020-12-14 00:00:00",30038,51217,599
"2020-12-15 00:00:00",30048,51240,600
"2020-12-16 00:00:00",30073,51266,599
"2020-12-17 00:00:00",30124,51300,591
"2020-12-18 00:00:00",30152,51333,591
"2020-12-19 00:00:00",30152,51436,590
"2020-12-20 00:00:00",30152,51531,592
"2020-12-21 00:00:00",30165,51660,592
"2020-12-22 00:00:00",30185,51743,592
"2020-12-23 00:00:00",30191,51768,590
"2020-12-24 00:00:00",30195,51789,591
"2020-12-25 00:00:00",30209,51810,591
"2020-12-26 00:00:00",30209,51828,593
"2020-12-27 00:00:00",30215,51854,594
"2020-12-28 00:00:00",30219,51878,594
"2020-12-29 00:00:00",30238,51897,598
"2020-12-30 00:00:00",30238,51936,599
"2020-12-31 00:00:00",30238,51968,601
"2021-01-01 00:00:00",30245,51987,602
"2021-01-02 00:00:00",30251,52013,603
"2021-01-03 00:00:00",30253,52059,604
"2021-01-04 00:00:00",30265,52119,604
"2021-01-05 00:00:00",30283,52243,599
"2021-01-06 00:00:00",30290,52292,591
"2021-01-07 00:00:00",30297,52339,589
"2021-01-08 00:00:00",30350,52397,588
"2021-01-09 00:00:00",30356,52437,587
"2021-01-10 00:00:00",30365,52486,587
"2021-01-11 00:00:00",30381,52545,587
"2021-01-12 00:00:00",30413,52600,590
"2021-01-13 00:00:00",30426,52640,592
"2021-01-14 00:00:00",30434,52683,585
"2021-01-15 00:00:00",30437,52731,584
"2021-01-16 00:00:00",30443,52766,577
"2021-01-17 00:00:00",30443,52808,576
"2021-01-18 00:00:00",30445,52852,577
"2021-01-19 00:00:00",30462,52888,579
"2021-01-20 00:00:00",30471,52907,574
"2021-01-21 00:00:00",30473,52939,572
"2021-01-22 00:00:00",30506,52970,573
"2021-01-23 00:00:00",30506,52994,571
"2021-01-24 00:00:00",30506,53016,572
"2021-01-25 00:00:00",30512,53047,573
"2021-01-26 00:00:00",30539,53072,573
"2021-01-27 00:00:00",30539,53111,574
"2021-01-28 00:00:00",30559,53134,573
"2021-01-29 00:00:00",30585,53162,572
"2021-01-30 00:00:00",30588,53205,572
"2021-01-31 00:00:00",30592,53232,571
"2021-02-01 00:00:00",30622,53285,569
"2021-02-02 00:00:00",30645,53500,569
"2021-02-03 00:00:00",30651,53548,572
"2021-02-04 00:00:00",30716,53587,571
"2021-02-05 00:00:00",30724,53620,570
"2021-02-06 00:00:00",30750,53647,570
"2021-02-07 00:00:00",30750,53690,572
"2021-02-08 00:00:00",30765,53729,572
"2021-02-09 00:00:00",30789,53785,573
"2021-02-10 00:00:00",30805,53839,574
"2021-02-11 00:00:00",30825,53880,576
"2021-02-12 00:00:00",30862,53924,573
"2021-02-13 00:00:00",30877,53974,573
"2021-02-14 00:00:00",30885,54031,572
"2021-02-15 00:00:00",30901,54192,573
"2021-02-16 00:00:00",30920,54374,574
"2021-02-17 00:00:00",30952,54429,575
"2021-02-18 00:00:00",30973,54482,575
"2021-02-19 00:00:00",31005,54525,573
"2021-02-20 00:00:00",31029,54587,574
"2021-02-21 00:00:00",31031,54643,573
"2021-02-22 00:00:00",31062,54693,574
"2021-02-23 00:00:00",31082,54774,578
"2021-02-24 00:00:00",31112,54839,577
"2021-02-25 00:00:00",31131,54899,579
"2021-02-26 00:00:00",31145,54967,578
"2021-02-27 00:00:00",31157,55011,579
"2021-02-28 00:00:00",31162,55056,579
"2021-03-01 00:00:00",31168,55099,579
"2021-03-02 00:00:00",31200,55157,578
"2021-03-03 00:00:00",31222,55206,578
"2021-03-04 00:00:00",31256,55273,579
"2021-03-05 00:00:00",31291,55309,581
"2021-03-06 00:00:00",31294,55344,581
"2021-03-07 00:00:00",31302,55375,582
"2021-03-08 00:00:00",31312,55413,583
"2021-03-09 00:00:00",31330,55459,574
"2021-03-10 00:00:00",31341,55504,573
"2021-03-11 00:00:00",31368,55553,574
"2021-03-12 00:00:00",31382,55584,572
"2021-03-13 00:00:00",31382,55614,569
"2021-03-14 00:00:00",31385,55654,569
"2021-03-15 00:00:00",31403,55696,570
"2021-03-16 00:00:00",31446,55737,571
"2021-03-17 00:00:00",31462,55767,570
"2021-03-18 00:00:00",31475,55816,568
"2021-03-19 00:00:00",31488,55841,567
"2021-03-20 00:00:00",31506,55871,566
"2021-03-21 00:00:00",31514,55911,566
"2021-03-22 00:00:00",31520,55956,566
"2021-03-23 00:00:00",31532,55995,568
"2021-03-24 00:00:00",31546,56035,568
"2021-03-25 00:00:00",31560,56070,568
"2021-03-26 00:00:00",31564,56111,568
"2021-03-27 00:00:00",31568,56151,568
"2021-03-28 00:00:00",31568,56196,571
"2021-03-29 00:00:00",31591,56243,571
"2021-03-30 00:00:00",31606,56277,573
"2021-03-31 00:00:00",31636,56321,574
"2021-04-01 00:00:00",31669,56358,573
"2021-04-02 00:00:00",31679,56376,575
"2021-04-03 00:00:00",31683,56407,575
"2021-04-04 00:00:00",31685,56456,577
"2021-04-05 00:00:00",31687,56633,577
"2021-04-06 00:00:00",31737,56762,575
"2021-04-07 00:00:00",31754,56882,576
"2021-04-08 00:00:00",31762,56912,577
"2021-04-09 00:00:00",31772,56947,579
"2021-04-10 00:00:00",31774,56993,581
"2021-04-11 00:00:00",31788,57022,580
"2021-04-12 00:00:00",31788,57059,580
"2021-04-13 00:00:00",31805,57098,581
"2021-04-14 00:00:00",31829,57134,580
"2021-04-15 00:00:00",31868,57182,583
"2021-04-16 00:00:00",31870,57223,587
"2021-04-17 00:00:00",31876,57270,588
"2021-04-18 00:00:00",31892,57327,588
"2021-04-19 00:00:00",31911,57401,588
"2021-04-20 00:00:00",31938,57465,590
"2021-04-21 00:00:00",31963,57525,588
"2021-04-22 00:00:00",31973,57592,589
"2021-04-23 00:00:00",31995,57642,588
"2021-04-24 00:00:00",31995,57691,591
"2021-04-25 00:00:00",31999,57737,591
"2021-04-26 00:00:00",32015,57786,590
"2021-04-27 00:00:00",32032,57834,588
"2021-04-28 00:00:00",32040,57879,588
"2021-04-29 00:00:00",32064,57925,589
"2021-04-30 00:00:00",32081,57965,589
"2021-05-01 00:00:00",32105,58008,587
"2021-05-02 00:00:00",32113,58054,588
"2021-05-03 00:00:00",32131,58105,587
"2021-05-04 00:00:00",32152,58170,586
"2021-05-05 00:00:00",32180,58224,586
"2021-05-06 00:00:00",32221,58273,582
"2021-05-07 00:00:00",32234,58323,582
"2021-05-08 00:00:00",32236,58372,582
"2021-05-09 00:00:00",32243,58438,588
"2021-05-10 00:00:00",32265,58502,588
"2021-05-11 00:00:00",32299,58562,587
"2021-05-12 00:00:00",32324,58651,593
"2021-05-13 00:00:00",32346,58729,591
"2021-05-14 00:00:00",32357,58791,589
"2021-05-15 00:00:00",32387,58833,589
"2021-05-16 00:00:00",32389,58880,589
"2021-05-17 00:00:00",32392,58968,590
"2021-05-18 00:00:00",32448,59131,591
"2021-05-19 00:00:00",32467,59184,589
"2021-05-20 00:00:00",32485,59247,589
"2021-05-21 00:00:00",32507,59295,589
"2021-05-22 00:00:00",32509,59337,590
"2021-05-23 00:00:00",32509,59368,591
"2021-05-24 00:00:00",32525,59413,591
"2021-05-25 00:00:00",32553,59472,589
"2021-05-26 00:00:00",32592,59538,590
"2021-05-27 00:00:00",32604,59589,592
"2021-05-28 00:00:00",32636,59617,591
"2021-05-29 00:00:00",32649,59654,590
"2021-05-30 00:00:00",32654,59698,590
"2021-05-31 00:00:00",32665,59736,591
"2021-06-01 00:00:00",32690,59795,591
"2021-06-02 00:00:00",32706,59834,593
"2021-06-03 00:00:00",32733,59873,593
"2021-06-04 00:00:00",32773,59905,592
"2021-06-05 00:00:00",32779,59930,591
"2021-06-06 00:00:00",32789,59952,591
"2021-06-07 00:00:00",32799,59982,590
"2021-06-08 00:00:00",32815,60010,592
"2021-06-09 00:00:00",32845,60047,591
"2021-06-10 00:00:00",32862,60082,593
"2021-06-11 00:00:00",32881,60130,593
"2021-06-12 00:00:00",32917,60165,593
"2021-06-13 00:00:00",32934,60203,593
"2021-06-14 00:00:00",32945,60262,595
"2021-06-15 00:00:00",32986,60417,598
"2021-06-16 00:00:00",32988,60525,599
"2021-06-17 00:00:00",33005,60561,599
"2021-06-18 00:00:00",33035,60593,597
"2021-06-19 00:00:00",33052,60635,598
"2021-06-20 00:00:00",33052,60663,596
"2021-06-21 00:00:00",33061,60685,597
"2021-06-22 00:00:00",33073,60717,597
"2021-06-23 00:00:00",33089,60751,598
"2021-06-24 00:00:00",33132,60773,596
"2021-06-25 00:00:00",33138,60793,593
"2021-06-26 00:00:00",33140,60811,594
"2021-06-27 00:00:00",33140,60837,594
"2021-06-28 00:00:00",33144,60859,596
"2021-06-29 00:00:00",33154,60886,598
"2021-06-30 00:00:00",33160,60912,593
"2021-07-01 00:00:00",33192,60932,592
"2021-07-02 00:00:00",33211,60963,593
"2021-07-03 00:00:00",33223,60989,593
"2021-07-04 00:00:00",33223,61006,595
"2021-07-05 00:00:00",33227,61028,595
"2021-07-06 00:00:00",33238,61050,594
"2021-07-07 00:00:00",33251,61072,594
"2021-07-08 00:00:00",33253,61097,590
"2021-07-09 00:00:00",33282,61119,590
"2021-07-10 00:00:00",33285,61135,590
"2021-07-11 00:00:00",33285,61155,593
"2021-07-12 00:00:00",33291,61172,593
"2021-07-13 00:00:00",33295,61192,594
"2021-07-14 00:00:00",33307,61216,594
"2021-07-15 00:00:00",33320,61236,597
"2021-07-16 00:00:00",33339,61249,601
"2021-07-17 00:00:00",33339,61270,603
"2021-07-18 00:00:00",33361,61282,602
"2021-07-19 00:00:00",33367,61306,603
"2021-07-20 00:00:00",33394,61321,601
"2021-07-21 00:00:00",33465,61347,597
"2021-07-22 00:00:00",33474,61385,602
"2021-07-23 00:00:00",33496,61396,602
"2021-07-24 00:00:00",33498,61413,603
"2021-07-25 00:00:00",33509,61435,603
"2021-07-26 00:00:00",33509,61457,605
"2021-07-27 00:00:00",33516,61478,607
"2021-07-28 00:00:00",33531,61509,607
"2021-07-29 00:00:00",33567,61546,610
"2021-07-30 00:00:00",33582,61562,611
"2021-07-31 00:00:00",33584,61586,611
"2021-08-01 00:00:00",33584,61595,614
"2021-08-02 00:00:00",33603,61621,613
"2021-08-03 00:00:00",33639,61637,614
"2021-08-04 00:00:00",33642,61650,614
"2021-08-05 00:00:00",33664,61677,614
"2021-08-06 00:00:00",33667,61697,619
"2021-08-07 00:00:00",33673,61726,618
"2021-08-08 00:00:00",33673,61734,618
"2021-08-09 00:00:00",33695,61748,618
"2021-08-10 00:00:00",33697,61785,619
"2021-08-11 00:00:00",33703,61806,619
"2021-08-12 00:00:00",33712,61842,618
"2021-08-13 00:00:00",33719,61869,619
"2021-08-14 00:00:00",33723,61898,619
"2021-08-15 00:00:00",33725,61930,619
"2021-08-16 00:00:00",33740,62061,620
"2021-08-17 00:00:00",33751,62142,622
"2021-08-18 00:00:00",33757,62170,624
"2021-08-19 00:00:00",33793,62186,624
"2021-08-20 00:00:00",33820,62203,624
"2021-08-21 00:00:00",33824,62228,625
"2021-08-22 00:00:00",33828,62261,623
"2021-08-23 00:00:00",33842,62295,620
"2021-08-24 00:00:00",33866,62322,622
"2021-08-25 00:00:00",33868,62344,621
"2021-08-26 00:00:00",33891,62374,620
"2021-08-27 00:00:00",33907,62406,621
"2021-08-28 00:00:00",33909,62432,622
"2021-08-29 00:00:00",33909,62449,622
"2021-08-30 00:00:00",33920,62477,622
"2021-08-31 00:00:00",33935,62509,621
"2021-09-01 00:00:00",33967,62532,622
"2021-09-02 00:00:00",33999,62556,622
"2021-09-03 00:00:00",34008,62579,626
"2021-09-04 00:00:00",34013,62599,626
"2021-09-05 00:00:00",34017,62626,627
"2021-09-06 00:00:00",34044,62644,626
"2021-09-07 00:00:00",34059,62675,623
"2021-09-08 00:00:00",34066,62696,623
"2021-09-09 00:00:00",34083,62723,622
"2021-09-10 00:00:00",34123,62752,622
"2021-09-11 00:00:00",34126,62761,623
"2021-09-12 00:00:00",34126,62782,623
"2021-09-13 00:00:00",34130,62801,623
"2021-09-14 00:00:00",34140,62829,623
"2021-09-15 00:00:00",34142,62872,626
"2021-09-16 00:00:00",34154,62903,624
"2021-09-17 00:00:00",34185,62919,625
"2021-09-18 00:00:00",34190,62941,625
"2021-09-19 00:00:00",34190,62973,627
"2021-09-20 00:00:00",34194,62992,626
"2021-09-21 00:00:00",34224,63003,626
"2021-09-22 00:00:00",34237,63021,624
"2021-09-23 00:00:00",34252,63041,625
"2021-09-24 00:00:00",34275,63076,625
"2021-09-25 00:00:00",34298,63099,624
"2021-09-26 00:00:00",34304,63126,623
"2021-09-27 00:00:00",34313,63158,625
"2021-09-28 00:00:00",34344,63182,624
"2021-09-29 00:00:00",34384,63203,625
"2021-09-30 00:00:00",34418,63234,625
"2021-10-01 00:00:00",34452,63258,625
"2021-10-02 00:00:00",34454,63278,626
"2021-10-03 00:00:00",34456,63304,626
"2021-10-04 00:00:00",34466,63320,617
"2021-10-05 00:00:00",34480,63344,617
"2021-10-06 00:00:00",34502,63371,623
"2021-10-07 00:00:00",34525,63392,621
"2021-10-08 00:00:00",34540,63412,620
"2021-10-09 00:00:00",34542,63429,621
"2021-10-10 00:00:00",34542,63460,621
"2021-10-11 00:00:00",34554,63510,623
"2021-10-12 00:00:00",34563,63627,623
"2021-10-13 00:00:00",34580,63737,623
"2021-10-14 00:00:00",34588,63782,623
"2021-10-15 00:00:00",34606,63809,624
"2021-10-16 00:00:00",34616,63839,624
"2021-10-17 00:00:00",34621,63873,623
"2021-10-18 00:00:00",34627,63912,625
"2021-10-19 00:00:00",34643,63942,625
"2021-10-20 00:00:00",34664,63981,627
"2021-10-21 00:00:00",34688,64012,628
"2021-10-22 00:00:00",34715,64051,625
"2021-10-23 00:00:00",34743,64078,622
"2021-10-24 00:00:00",34743,64099,622
"2021-10-25 00:00:00",34746,64118,622
"2021-10-26 00:00:00",34767,64139,624
"2021-10-27 00:00:00",34773,64176,629
"2021-10-28 00:00:00",34773,64206,629
"2021-10-29 00:00:00",34782,64237,626
"2021-10-30 00:00:00",34784,64260,625
"2021-10-31 00:00:00",34784,64323,626
"2021-11-01 00:00:00",34793,64362,625
"2021-11-02 00:00:00",34798,64482,625
"2021-11-03 00:00:00",34808,64524,623
"2021-11-04 00:00:00",34812,64564,623
"2021-11-05 00:00:00",34829,64597,623
"2021-11-06 00:00:00",34829,64624,623
"2021-11-07 00:00:00",34829,64667,624
"2021-11-08 00:00:00",34846,64760,624
"2021-11-09 00:00:00",34867,64871,622
"2021-11-10 00:00:00",34887,64916,622
"2021-11-11 00:00:00",34910,64949,621
"2021-11-12 00:00:00",34937,64981,622
"2021-11-13 00:00:00",34958,65011,622
"2021-11-14 00:00:00",34967,65057,622
"2021-11-15 00:00:00",34977,65121,622
"2021-11-16 00:00:00",35027,65219,618
"2021-11-17 00:00:00",35046,65269,618
"2021-11-18 00:00:00",35058,65310,619
"2021-11-19 00:00:00",35058,65364,619
"2021-11-20 00:00:00",35060,65400,621
"2021-11-21 00:00:00",35064,65438,621
"2021-11-22 00:00:00",35088,65479,621
"2021-11-23 00:00:00",35099,65516,619
"2021-11-24 00:00:00",35107,65555,619
"2021-11-25 00:00:00",35129,65598,621
"2021-11-26 00:00:00",35143,65644,621
"2021-11-27 00:00:00",35145,65686,623
"2021-11-28 00:00:00",35150,65724,623
"2021-11-29 00:00:00",35155,65788,624
"2021-11-30 00:00:00",35170,65893,624
"2021-12-01 00:00:00",35192,65929,626
"2021-12-02 00:00:00",35213,65960,627
"2021-12-03 00:00:00",35251,65996,627
"2021-12-04 00:00:00",35269,66026,628
"2021-12-05 00:00:00",35272,66055,628
"2021-12-06 00:00:00",35290,66110,625
"2021-12-07 00:00:00",35325,66156,624
"2021-12-08 00:00:00",35359,66197,621
"2021-12-09 00:00:00",35376,66231,620
"2021-12-10 00:00:00",35414,66244,620
"2021-12-11 00:00:00",35466,66272,618
"2021-12-12 00:00:00",35466,66298,619
"2021-12-13 00:00:00",35486,66348,620
"2021-12-14 00:00:00",35494,66376,620
"2021-12-15 00:00:00",35523,66414,621
"2021-12-16 00:00:00",35572,66439,624
"2021-12-17 00:00:00",35580,66477,623
"2021-12-18 00:00:00",35608,66499,624
"2021-12-19 00:00:00",35622,66522,625
"2021-12-20 00:00:00",35642,66541,624
"2021-12-21 00:00:00",35648,66580,624
"2021-12-22 00:00:00",35651,66610,625
"2021-12-23 00:00:00",35653,66640,628
"2021-12-24 00:00:00",35661,66667,629
"2021-12-25 00:00:00",35663,66700,628
"2021-12-26 00:00:00",35668,66734,627
"2021-12-27 00:00:00",35676,66805,627
"2021-12-28 00:00:00",35682,66892,629
"2021-12-29 00:00:00",35686,66927,629
"2021-12-30 00:00:00",35697,66960,629
"2021-12-31 00:00:00",35701,66982,631
"2022-01-01 00:00:00",35703,67008,632
"2022-01-02 00:00:00",35714,67032,631
"2022-01-03 00:00:00",35728,67073,631
"2022-01-04 00:00:00",35744,67105,633
"2022-01-05 00:00:00",35783,67137,632
"2022-01-06 00:00:00",35802,67163,632
"2022-01-07 00:00:00",35846,67195,635
"2022-01-08 00:00:00",35851,67234,636
"2022-01-09 00:00:00",35851,67268,637
"2022-01-10 00:00:00",35861,67295,635
"2022-01-11 00:00:00",35870,67337,636
"2022-01-12 00:00:00",35876,67384,638
"2022-01-13 00:00:00",35888,67417,639
"2022-01-14 00:00:00",35896,67463,639
"2022-01-15 00:00:00",35896,67503,637
"2022-01-16 00:00:00",35917,67530,637
"2022-01-17 00:00:00",35942,67622,637
"2022-01-18 00:00:00",35942,67690,631
"2022-01-19 00:00:00",35948,67714,629
"2022-01-20 00:00:00",35960,67744,629
"2022-01-21 00:00:00",35967,67773,622
"2022-01-22 00:00:00",35967,67791,622
"2022-01-23 00:00:00",35973,67826,622
"2022-01-24 00:00:00",35985,67857,621
"2022-01-25 00:00:00",36002,67880,619
"2022-01-26 00:00:00",36030,67911,617
"2022-01-27 00:00:00",36052,67936,617
"2022-01-28 00:00:00",36069,67960,618
"2022-01-29 00:00:00",36076,67993,618
"2022-01-30 00:00:00",36076,68016,618
"2022-01-31 00:00:00",36100,68043,619
"2022-02-01 00:00:00",36113,68069,618
"2022-02-02 00:00:00",36119,68101,619
"2022-02-03 00:00:00",36135,68121,621
"2022-02-04 00:00:00",36151,68162,622
"2022-02-05 00:00:00",36163,68189,622
"2022-02-06 00:00:00",36163,68225,622
"2022-02-07 00:00:00",36169,68258,623
"2022-02-08 00:00:00",36177,68279,624
"2022-02-09 00:00:00",36195,68316,623
"2022-02-10 00:00:00",36214,68353,624
"2022-02-11 00:00:00",36218,68374,625
"2022-02-12 00:00:00",36225,68405,628
"2022-02-13 00:00:00",36232,68420,628
"2022-02-14 00:00:00",36248,68439,626
"2022-02-15 00:00:00",36283,68469,624
"2022-02-16 00:00:00",36286,68501,624
"2022-02-17 00:00:00",36297,68535,624
"2022-02-18 00:00:00",36310,68570,624
"2022-02-19 00:00:00",36317,68593,628
"2022-02-20 00:00:00",36327,68622,627
"2022-02-21 00:00:00",36346,68661,627
"2022-02-22 00:00:00",36373,68681,626
"2022-02-23 00:00:00",36388,68708,625
"2022-02-24 00:00:00",36401,68721,624
"2022-02-25 00:00:00",36417,68745,622
"2022-02-26 00:00:00",36422,68772,622
"2022-02-27 00:00:00",36422,68784,622
"2022-02-28 00:00:00",36437,68803,621
"2022-03-01 00:00:00",36442,68826,620
"2022-03-02 00:00:00",36465,68865,619
"2022-03-03 00:00:00",36465,68891,619
"2022-03-04 00:00:00",36479,68910,619
"2022-03-05 00:00:00",36489,68922,619
"2022-03-06 00:00:00",36491,68949,619
"2022-03-07 00:00:00",36516,68976,619
"2022-03-08 00:00:00",36523,69014,624
"2022-03-09 00:00:00",36545,69034,621
"2022-03-10 00:00:00",36561,69058,619
"2022-03-11 00:00:00",36575,69077,619
"2022-03-12 00:00:00",36585,69093,619
"2022-03-13 00:00:00",36595,69118,620
"2022-03-14 00:00:00",36599,69145,622
"2022-03-15 00:00:00",36602,69162,621
"2022-03-16 00:00:00",36610,69194,623
"2022-03-17 00:00:00",36647,69207,621
"2022-03-18 00:00:00",36652,69217,622
"2022-03-19 00:00:00",36658,69231,621
"2022-03-20 00:00:00",36662,69259,622
"2022-03-21 00:00:00",36668,69350,622
"2022-03-22 00:00:00",36683,69433,624
"2022-03-23 00:00:00",36690,69500,625
"2022-03-24 00:00:00",36722,69527,626
"2022-03-25 00:00:00",36773,69546,624
"2022-03-26 00:00:00",36803,69569,621
"2022-03-27 00:00:00",36803,69586,621
"2022-03-28 00:00:00",36820,69614,620
"2022-03-29 00:00:00",36834,69640,621
"2022-03-30 00:00:00",36854,69669,615
"2022-03-31 00:00:00",36880,69697,610
"2022-04-01 00:00:00",36891,69733,613
"2022-04-02 00:00:00",36895,69753,613
"2022-04-03 00:00:00",36902,69778,615
"2022-04-04 00:00:00",36919,69799,614
"2022-04-05 00:00:00",36944,69823,617
"2022-04-06 00:00:00",36992,69836,616
"2022-04-07 00:00:00",37014,69855,618
"2022-04-08 00:00:00",37019,69886,619
"2022-04-09 00:00:00",37024,69911,618
"2022-04-10 00:00:00",37033,69935,619
"2022-04-11 00:00:00",37039,70030,619
"2022-04-12 00:00:00",37043,70117,617
"2022-04-13 00:00:00",37055,70143,616
"2022-04-14 00:00:00",37069,70162,609
"2022-04-15 00:00:00",37101,70189,610
"2022-04-16 00:00:00",37106,70218,609
"2022-04-17 00:00:00",37108,70244,609
"2022-04-18 00:00:00",37110,70268,610
"2022-04-19 00:00:00",37129,70302,612
"2022-04-20 00:00:00",37158,70331,610
"2022-04-21 00:00:00",37165,70356,610
"2022-04-22 00:00:00",37177,70381,610
"2022-04-23 00:00:00",37189,70403,614
"2022-04-24 00:00:00",37191,70431,614
"2022-04-25 00:00:00",37198,70453,612
"2022-04-26 00:00:00",37232,70496,612
"2022-04-27 00:00:00",37260,70530,609
"2022-04-28 00:00:00",37298,70565,609
"2022-04-29 00:00:00",37334,70590,607
"2022-04-30 00:00:00",37350,70606,609
"2022-05-01 00:00:00",37352,70637,608
"2022-05-02 00:00:00",37352,70672,610
"2022-05-03 00:00:00",37366,70757,611
"2022-05-04 00:00:00",37377,70781,610
"2022-05-05 00:00:00",37415,70813,609
"2022-05-06 00:00:00",37469,70836,608
"2022-05-07 00:00:00",37469,70853,610
"2022-05-08 00:00:00",37469,70880,609
"2022-05-09 00:00:00",37473,70907,608
"2022-05-10 00:00:00",37487,70936,608
"2022-05-11 00:00:00",37489,70965,608
"2022-05-12 00:00:00",37503,70989,607
"2022-05-13 00:00:00",37524,71029,599
"2022-05-14 00:00:00",37524,71058,602
"2022-05-15 00:00:00",37526,71080,601
"2022-05-16 00:00:00",37550,71111,602
"2022-05-17 00:00:00",37575,71139,602
"2022-05-18 00:00:00",37588,71185,600
"2022-05-19 00:00:00",37615,71215,598
"2022-05-20 00:00:00",37644,71243,598
"2022-05-21 00:00:00",37659,71265,599
"2022-05-22 00:00:00",37659,71291,599
"2022-05-23 00:00:00",37667,71315,599
"2022-05-24 00:00:00",37687,71347,600
"2022-05-25 00:00:00",37714,71376,600
"2022-05-26 00:00:00",37716,71398,600
"2022-05-27 00:00:00",37739,71419,599
"2022-05-28 00:00:00",37748,71436,599
"2022-05-29 00:00:00",37748,71453,599
"2022-05-30 00:00:00",37757,71468,599
"2022-05-31 00:00:00",37776,71490,600
"2022-06-01 00:00:00",37787,71510,597
"2022-06-02 00:00:00",37800,71541,598
"2022-06-03 00:00:00",37819,71571,597
"2022-06-04 00:00:00",37819,71595,598
"2022-06-05 00:00:00",37840,71617,598
"2022-06-06 00:00:00",37842,71644,598
"2022-06-07 00:00:00",37863,71656,595
"2022-06-08 00:00:00",37878,71673,595
"2022-06-09 00:00:00",37885,71693,593
"2022-06-10 00:00:00",37891,71719,593
"2022-06-11 00:00:00",37900,71742,594
"2022-06-12 00:00:00",37902,71760,594
"2022-06-13 00:00:00",37915,71789,594
"2022-06-14 00:00:00",37935,71815,596
"2022-06-15 00:00:00",37951,71839,597
"2022-06-16 00:00:00",37966,71866,598
"2022-06-17 00:00:00",37989,71887,598
"2022-06-18 00:00:00",38011,71894,598
"2022-06-19 00:00:00",38013,71915,598
"2022-06-20 00:00:00",38015,71997,593
"2022-06-21 00:00:00",38046,72067,593
"2022-06-22 00:00:00",38078,72098,592
"2022-06-23 00:00:00",38085,72122,594
"2022-06-24 00:00:00",38092,72142,594
"2022-06-25 00:00:00",38096,72166,594
"2022-06-26 00:00:00",38096,72184,595
"2022-06-27 00:00:00",38119,72202,596
"2022-06-28 00:00:00",38138,72227,596
"2022-06-29 00:00:00",38199,72240,596
"2022-06-30 00:00:00",38206,72260,597
"2022-07-01 00:00:00",38228,72274,598
"2022-07-02 00:00:00",38232,72285,598
"2022-07-03 00:00:00",38232,72296,600
"2022-07-04 00:00:00",38234,72307,601
"2022-07-05 00:00:00",38248,72332,600
"2022-07-06 00:00:00",38254,72357,598
"2022-07-07 00:00:00",38260,72372,599
"2022-07-08 00:00:00",38290,72388,600
"2022-07-09 00:00:00",38303,72399,600
"2022-07-10 00:00:00",38303,72413,599
"2022-07-11 00:00:00",38308,72433,600
"2022-07-12 00:00:00",38328,72497,599
"2022-07-13 00:00:00",38342,72524,599
"2022-07-14 00:00:00",38359,72538,600
"2022-07-15 00:00:00",38368,72561,600
"2022-07-16 00:00:00",38375,72583,600
"2022-07-17 00:00:00",38379,72604,601
"2022-07-18 00:00:00",38388,72621,602
"2022-07-19 00:00:00",38438,72637,605
"2022-07-20 00:00:00",38467,72646,605
"2022-07-21 00:00:00",38493,72672,606
"2022-07-22 00:00:00",38503,72683,608
"2022-07-23 00:00:00",38505,72699,609
"2022-07-24 00:00:00",38505,72702,610
"2022-07-25 00:00:00",38508,72716,611
"2022-07-26 00:00:00",38561,72729,601
"2022-07-27 00:00:00",38579,72749,600
"2022-07-28 00:00:00",38581,72762,602
"2022-07-29 00:00:00",38594,72784,601
"2022-07-30 00:00:00",38602,72803,602
"2022-07-31 00:00:00",38608,72816,604
"2022-08-01 00:00:00",38631,72824,602
"2022-08-02 00:00:00",38637,72836,599
"2022-08-03 00:00:00",38659,72854,592
"2022-08-04 00:00:00",38664,72872,577
"2022-08-05 00:00:00",38687,72903,565
"2022-08-06 00:00:00",38702,72914,554
"2022-08-07 00:00:00",38702,72922,552
"2022-08-08 00:00:00",38702,72951,545
"2022-08-09 00:00:00",38711,72964,530
"2022-08-10 00:00:00",38719,72979,518
"2022-08-11 00:00:00",38740,72993,507
"2022-08-12 00:00:00",38759,73005,492
"2022-08-13 00:00:00",38759,73022,493
"2022-08-14 00:00:00",38763,73034,485
"2022-08-15 00:00:00",38771,73063,474
"2022-08-16 00:00:00",38796,73127,473
"2022-08-17 00:00:00",38810,73145,473
"2022-08-18 00:00:00",38824,73157,472
"2022-08-19 00:00:00",38835,73167,471
"2022-08-20 00:00:00",38844,73190,473
"2022-08-21 00:00:00",38844,73200,473
"2022-08-22 00:00:00",38862,73220,474
"2022-08-23 00:00:00",38873,73226,470
"2022-08-24 00:00:00",38881,73250,471
"2022-08-25 00:00:00",38895,73275,472
"2022-08-26 00:00:00",38899,73288,472
"2022-08-27 00:00:00",38914,73300,473
"2022-08-28 00:00:00",38914,73328,473
"2022-08-29 00:00:00",38914,73343,472
"2022-08-30 00:00:00",38919,73364,474
"2022-08-31 00:00:00",38943,73378,474
"2022-09-01 00:00:00",38957,73393,473
"2022-09-02 00:00:00",38994,73405,473
"2022-09-03 00:00:00",38994,73415,473
"2022-09-04 00:00:00",38996,73422,474
"2022-09-05 00:00:00",39000,73439,476
"2022-09-06 00:00:00",39005,73462,481
"2022-09-07 00:00:00",39011,73476,477
"2022-09-08 00:00:00",39017,73484,477
"2022-09-09 00:00:00",39031,73496,474
"2022-09-10 00:00:00",39039,73506,472
"2022-09-11 00:00:00",39039,73513,471
"2022-09-12 00:00:00",39041,73528,474
"2022-09-13 00:00:00",39049,73550,473
"2022-09-14 00:00:00",39062,73557,471
"2022-09-15 00:00:00",39075,73570,472
"2022-09-16 00:00:00",39104,73593,466
"2022-09-17 00:00:00",39108,73606,465
"2022-09-18 00:00:00",39111,73628,464
"2022-09-19 00:00:00",39111,73641,464
"2022-09-20 00:00:00",39128,73660,463
"2022-09-21 00:00:00",39153,73676,461
"2022-09-22 00:00:00",39161,73689,460
"2022-09-23 00:00:00",39167,73700,460
"2022-09-24 00:00:00",39167,73719,461
"2022-09-25 00:00:00",39172,73734,462
"2022-09-26 00:00:00",39174,73758,462
"2022-09-27 00:00:00",39179,73781,463
"2022-09-28 00:00:00",39179,73797,463
"2022-09-29 00:00:00",39183,73823,463
"2022-09-30 00:00:00",39237,73838,463
"2022-10-01 00:00:00",39244,73854,464
"2022-10-02 00:00:00",39246,73863,465
"2022-10-03 00:00:00",39262,73903,464
"2022-10-04 00:00:00",39282,73918,464
"2022-10-05 00:00:00",39299,73935,464
"2022-10-06 00:00:00",39303,73946,466
"2022-10-07 00:00:00",39305,73960,466
"2022-10-08 00:00:00",39305,73991,466
"2022-10-09 00:00:00",39305,74011,466
"2022-10-10 00:00:00",39335,74030,467
"2022-10-11 00:00:00",39346,74048,468
"2022-10-12 00:00:00",39351,74076,468
"2022-10-13 00:00:00",39374,74089,466
"2022-10-14 00:00:00",39429,74108,465
"2022-10-15 00:00:00",39429,74129,467
"2022-10-16 00:00:00",39431,74143,469
"2022-10-17 00:00:00",39431,74154,466
"2022-10-18 00:00:00",39448,74165,467
"2022-10-19 00:00:00",39459,74181,467
"2022-10-20 00:00:00",39462,74205,471
"2022-10-21 00:00:00",39483,74224,472
"2022-10-22 00:00:00",39483,74239,472
"2022-10-23 00:00:00",39483,74250,473
"2022-10-24 00:00:00",39491,74269,471
"2022-10-25 00:00:00",39497,74282,473
"2022-10-26 00:00:00",39514,74299,472
"2022-10-27 00:00:00",39534,74310,451
"2022-10-28 00:00:00",39551,74331,449
"2022-10-29 00:00:00",39559,74338,445
"2022-10-30 00:00:00",39559,74347,446
"2022-10-31 00:00:00",39565,74374,446
"2022-11-01 00:00:00",39578,74388,445
"2022-11-02 00:00:00",39582,74398,443
"2022-11-03 00:00:00",39586,74419,441
"2022-11-04 00:00:00",39588,74442,441
"2022-11-05 00:00:00",39601,74458,442
"2022-11-06 00:00:00",39601,74479,442
"2022-11-07 00:00:00",39601,74497,445
"2022-11-08 00:00:00",39601,74511,445
"2022-11-09 00:00:00",39603,74517,445
"2022-11-10 00:00:00",39605,74535,445
"2022-11-11 00:00:00",39607,74548,446
"2022-11-12 00:00:00",39607,74558,446
"2022-11-13 00:00:00",39607,74576,446
"2022-11-14 00:00:00",39612,74609,447
"2022-11-15 00:00:00",39612,74629,448
"2022-11-16 00:00:00",39622,74655,449
"2022-11-17 00:00:00",39626,74682,447
"2022-11-18 00:00:00",39635,74706,446
"2022-11-19 00:00:00",39640,74735,445
"2022-11-20 00:00:00",39640,74757,447
"2022-11-21 00:00:00",39645,74771,447
"2022-11-22 00:00:00",39665,74791,447
"2022-11-23 00:00:00",39667,74820,445
"2022-11-24 00:00:00",39667,74851,444
"2022-11-25 00:00:00",39667,74881,443
"2022-11-26 00:00:00",39684,74901,444
"2022-11-27 00:00:00",39684,74918,443
"2022-11-28 00:00:00",39702,74943,443
"2022-11-29 00:00:00",39715,74976,443
"2022-11-30 00:00:00",39733,74992,445
"2022-12-01 00:00:00",39739,75019,446
"2022-12-02 00:00:00",39748,75033,445
"2022-12-03 00:00:00",39754,75044,445
"2022-12-04 00:00:00",39754,75060,445
"2022-12-05 00:00:00",39760,75066,443
"2022-12-06 00:00:00",39787,75082,442
"2022-12-07 00:00:00",39798,75103,441
"2022-12-08 00:00:00",39820,75121,439
"2022-12-09 00:00:00",39831,75142,436
"2022-12-10 00:00:00",39844,75159,436
"2022-12-11 00:00:00",39844,75175,435
"2022-12-12 00:00:00",39847,75198,434
"2022-12-13 00:00:00",39850,75209,435
"2022-12-14 00:00:00",39865,75226,435
"2022-12-15 00:00:00",39869,75243,437
"2022-12-16 00:00:00",39873,75263,437
"2022-12-17 00:00:00",39885,75279,430
"2022-12-18 00:00:00",39885,75287,430
"2022-12-19 00:00:00",39896,75298,431
"2022-12-20 00:00:00",39902,75315,430
"2022-12-21 00:00:00",39925,75333,428
"2022-12-22 00:00:00",39928,75349,429
"2022-12-23 00:00:00",39928,75368,429
"2022-12-24 00:00:00",39928,75382,429
"2022-12-25 00:00:00",39933,75397,429
"2022-12-26 00:00:00",39933,75411,430
"2022-12-27 00:00:00",39933,75422,431
"2022-12-28 00:00:00",39933,75437,433
"2022-12-29 00:00:00",39940,75455,433
"2022-12-30 00:00:00",39944,75471,433
"2022-12-31 00:00:00",39944,75478,434
"2023-01-01 00:00:00",39950,75488,434
"2023-01-02 00:00:00",39950,75502,434
"2023-01-03 00:00:00",39950,75528,436
"2023-01-04 00:00:00",39987,75544,437
"2023-01-05 00:00:00",40011,75554,438
"2023-01-06 00:00:00",40023,75570,439
"2023-01-07 00:00:00",40025,75587,435
"2023-01-08 00:00:00",40025,75597,435
"2023-01-09 00:00:00",40030,75616,435
"2023-01-10 00:00:00",40038,75637,436
"2023-01-11 00:00:00",40051,75641,436
"2023-01-12 00:00:00",40085,75650,434
"2023-01-13 00:00:00",40099,75656,433
"2023-01-14 00:00:00",40103,75667,433
"2023-01-15 00:00:00",40105,75682,433
"2023-01-16 00:00:00",40117,75698,433
"2023-01-17 00:00:00",40146,75723,431
"2023-01-18 00:00:00",40174,75743,431
"2023-01-19 00:00:00",40192,75761,433
"2023-01-20 00:00:00",40209,75773,434
"2023-01-21 00:00:00",40211,75791,436
"2023-01-22 00:00:00",40211,75805,436
"2023-01-23 00:00:00",40222,75816,434
"2023-01-24 00:00:00",40243,75837,432
"2023-01-25 00:00:00",40249,75852,433
"2023-01-26 00:00:00",40267,75867,435
"2023-01-27 00:00:00",40276,75881,433
"2023-01-28 00:00:00",40285,75903,433
"2023-01-29 00:00:00",40290,75926,433
"2023-01-30 00:00:00",40304,75948,432
"2023-01-31 00:00:00",40327,75973,434
"2023-02-01 00:00:00",40348,75984,433
"2023-02-02 00:00:00",40365,75999,435
"2023-02-03 00:00:00",40375,76015,436
"2023-02-04 00:00:00",40386,76038,434
"2023-02-05 00:00:00",40386,76054,434
"2023-02-06 00:00:00",40393,76081,434
"2023-02-07 00:00:00",40405,76144,431
"2023-02-08 00:00:00",40413,76167,419
"2023-02-09 00:00:00",40421,76176,419
"2023-02-10 00:00:00",40432,76195,417
"2023-02-11 00:00:00",40436,76208,417
"2023-02-12 00:00:00",40436,76226,417
"2023-02-13 00:00:00",40441,76248,418
"2023-02-14 00:00:00",40452,76265,418
"2023-02-15 00:00:00",40462,76280,415
"2023-02-16 00:00:00",40499,76298,416
"2023-02-17 00:00:00",40520,76314,418
"2023-02-18 00:00:00",40542,76341,419
"2023-02-19 00:00:00",40542,76364,419
"2023-02-20 00:00:00",40552,76372,419
"2023-02-21 00:00:00",40571,76390,417
"2023-02-22 00:00:00",40581,76407,419
"2023-02-23 00:00:00",40610,76424,415
"2023-02-24 00:00:00",40622,76447,412
"2023-02-25 00:00:00",40624,76462,410
"2023-02-26 00:00:00",40624,76480,409
"2023-02-27 00:00:00",40629,76499,409
"2023-02-28 00:00:00",40651,76518,406
"2023-03-01 00:00:00",40673,76541,407
"2023-03-02 00:00:00",40681,76562,408
"2023-03-03 00:00:00",40683,76570,408
"2023-03-04 00:00:00",40691,76581,406
"2023-03-05 00:00:00",40691,76600,406
"2023-03-06 00:00:00",40691,76615,408
"2023-03-07 00:00:00",40709,76628,409
"2023-03-08 00:00:00",40737,76645,406
"2023-03-09 00:00:00",40745,76663,401
"2023-03-10 00:00:00",40750,76671,392
"2023-03-11 00:00:00",40768,76686,387
"2023-03-12 00:00:00",40768,76702,388
"2023-03-13 00:00:00",40771,76718,388
"2023-03-14 00:00:00",40783,76730,386
"2023-03-15 00:00:00",40785,76743,387
"2023-03-16 00:00:00",40802,76766,387
"2023-03-17 00:00:00",40818,76786,386
"2023-03-18 00:00:00",40820,76799,383
"2023-03-19 00:00:00",40823,76811,383
"2023-03-20 00:00:00",40827,76835,384
"2023-03-21 00:00:00",40834,76869,385
"2023-03-22 00:00:00",40852,76887,384
"2023-03-23 00:00:00",40860,76899,382
"2023-03-24 00:00:00",40891,76903,382
"2023-03-26 00:00:00",40891,76941,383
"2023-03-27 00:00:00",40897,76967,383
"2023-03-28 00:00:00",40921,76983,383
"2023-03-29 00:00:00",40935,76993,383
"2023-03-30 00:00:00",40940,77010,385
"2023-03-31 00:00:00",40964,77030,384
"2023-04-01 00:00:00",40968,77048,387
"2023-04-02 00:00:00",40990,77071,386
"2023-04-03 00:00:00",40990,77089,386
"2023-04-04 00:00:00",40997,77107,387
"2023-04-05 00:00:00",41007,77124,385
"2023-04-06 00:00:00",41013,77140,384
"2023-04-07 00:00:00",41030,77157,384
"2023-04-08 00:00:00",41030,77181,384
"2023-04-09 00:00:00",41030,77192,384
"2023-04-10 00:00:00",41032,77207,384
"2023-04-11 00:00:00",41044,77222,384
"2023-04-12 00:00:00",41059,77248,383
"2023-04-13 00:00:00",41076,77272,382
"2023-04-14 00:00:00",41080,77290,381
"2023-04-15 00:00:00",41092,77319,378
"2023-04-16 00:00:00",41092,77341,378
"2023-04-17 00:00:00",41092,77357,379
"2023-04-18 00:00:00",41106,77379,378
"2023-04-19 00:00:00",41111,77393,378
"2023-04-20 00:00:00",41121,77406,380
"2023-04-21 00:00:00",41165,77426,380
"2023-04-22 00:00:00",41172,77442,381
"2023-04-23 00:00:00",41175,77459,382
"2023-04-24 00:00:00",41175,77475,381
"2023-04-25 00:00:00",41177,77504,383
"2023-04-26 00:00:00",41183,77524,383
"2023-04-27 00:00:00",41192,77560,384
"2023-04-28 00:00:00",41198,77583,351
"2023-04-29 00:00:00",41198,77603,351
"2023-04-30 00:00:00",41198,77613,351
"2023-05-01 00:00:00",41198,77616,350
"2023-05-02 00:00:00",41218,77629,350
"2023-05-03 00:00:00",41233,77648,348
"2023-05-04 00:00:00",41242,77665,348
"2023-05-05 00:00:00",41246,77685,347
"2023-05-06 00:00:00",41270,77702,352
"2023-05-07 00:00:00",41270,77723,352
"2023-05-08 00:00:00",41270,77737,353
"2023-05-09 00:00:00",41275,77757,357
"2023-05-10 00:00:00",41296,77780,357
"2023-05-11 00:00:00",41313,77801,357
"2023-05-12 00:00:00",41318,77830,359
"2023-05-13 00:00:00",41318,77839,357
"2023-05-14 00:00:00",41323,77856,358
"2023-05-15 00:00:00",41337,77881,360
"2023-05-16 00:00:00",41352,77903,360
"2023-05-17 00:00:00",41360,77919,360
"2023-05-18 00:00:00",41380,77937,358
"2023-05-19 00:00:00",41400,77952,357
"2023-05-20 00:00:00",41407,77969,359
"2023-05-21 00:00:00",41344,77801,355
"2023-05-22 00:00:00",41425,78006,358
"2023-05-23 00:00:00",41428,78034,359
"2023-05-24 00:00:00",41442,78053,359
"2023-05-25 00:00:00",41448,78069,360
"2023-05-26 00:00:00",41454,78084,361
"2023-05-27 00:00:00",41470,78097,361
"2023-05-28 00:00:00",41474,78119,361
"2023-05-29 00:00:00",41484,78142,361
"2023-05-30 00:00:00",41494,78163,359
"2023-05-31 00:00:00",41526,78179,361
"2023-06-01 00:00:00",41530,78198,358
"2023-06-02 00:00:00",41549,78209,357
"2023-06-03 00:00:00",41560,78213,354
"2023-06-04 00:00:00",41560,78221,354
"2023-06-05 00:00:00",41562,78231,354
"2023-06-06 00:00:00",41566,78244,354
"2023-06-07 00:00:00",41572,78249,354
"2023-06-08 00:00:00",41579,78273,353
"2023-06-09 00:00:00",41579,78298,354
"2023-06-10 00:00:00",41588,78318,356
"2023-06-11 00:00:00",41588,78339,356
"2023-06-12 00:00:00",41597,78373,356
"2023-06-13 00:00:00",41613,78401,357
"2023-06-14 00:00:00",41620,78420,359
"2023-06-15 00:00:00",41632,78428,359
"2023-06-16 00:00:00",41642,78433,356
"2023-06-17 00:00:00",41646,78457,356
"2023-06-18 00:00:00",41648,78483,358
"2023-06-19 00:00:00",41648,78497,356